{
  "annotations": {
    "list": [
      {
        "builtIn": 1,
        "datasource": "-- Grafana --",
        "enable": true,
        "hide": true,
        "iconColor": "rgba(0, 211, 255, 1)",
        "name": "Annotations & Alerts",
        "target": {
          "limit": 100,
          "matchAny": false,
          "tags": [],
          "type": "dashboard"
        },
        "type": "dashboard"
      }
    ]
  },
  "editable": true,
  "fiscalYearStartMonth": 0,
  "graphTooltip": 0,
  "id": 5,
  "links": [],
  "liveNow": false,
  "panels": [
    {
      "fieldConfig": {
        "defaults": {
          "color": {
            "mode": "thresholds"
          },
          "mappings": [],
          "thresholds": {
            "mode": "absolute",
            "steps": [
              {
                "color": "green",
                "value": null
              },
              {
                "color": "red",
                "value": 80
              }
            ]
          }
        },
        "overrides": []
      },
      "gridPos": {
        "h": 6,
        "w": 8,
        "x": 0,
        "y": 0
      },
      "id": 5,
      "options": {
        "SVGBaseFix": true,
        "add100Percentage": false,
        "calcsMutation": "standard",
        "centerAlignContent": true,
        "codeData": "{\n  \"text\": \"Random text\"\n}",
        "css": "* {\n  font-family: Open Sans;\n  margin:1%;\n}\n\na {\n  position:relative;\n  overflow: hidden;\n  display:block;\n  text-align:center;\n  transition: background 400ms;\n  color: #fff;\n  background-color: rgba(102,147,166,1);\n  padding: 0.8rem 1.8rem;\n  font-family: 'Roboto', sans-serif;\n  font-size: 1.5rem;\n  outline: 0;\n  border: 0;\n  border-radius: 0.25rem;\n  box-shadow: 0 0 0.5rem rgba(0, 0, 0, 0.3);\n  cursor: pointer;\n  text-decoration:none;\n  margin:1%;\n}\n\nspan.ripple {\n  position: absolute; /* The absolute position we mentioned earlier */\n  border-radius: 50%;\n  transform: scale(0);\n  animation: ripple 600ms linear;\n  background-color: rgba(255, 255, 255, 0.7);\n}\n\n@keyframes ripple {\n  to {\n    transform: scale(4);\n    opacity: 0;\n  }\n}",
        "dynamicData": false,
        "dynamicFieldDisplayValues": false,
        "dynamicHtmlGraphics": false,
        "dynamicProps": false,
        "html": "<div style=\"width:100%;\">\n  <h2 style=\"text-align:center;\">Endpoint Dashboards</h2>\n\n  <a href=\"/d/zS02I7Ank/endpoint-compliance-report?orgId=1\">Endpoint Compliance</a>\n  <a href=\"d/uOfx8Lonz/endpoint-security?orgId=1\">Endpoint Security</a>\n  \n</div>\n",
        "onInit": "// Sets the text from customProperties\nconst htmlgraphicsText = htmlNode.getElementById('htmlgraphics-text');\n\nif (htmlgraphicsText) {\n  htmlgraphicsText.textContent = customProperties.text;\n\n  // Change the text color based on the theme\n  if (theme.isDark) {\n    htmlgraphicsText.style.color = 'green';\n  } else {\n    htmlgraphicsText.style.color = 'red';\n  }\n}\n",
        "onInitOnResize": false,
        "onRender": "// Sets the value from the first series on every refresh\nconst htmlgraphicsValue = htmlNode.getElementById('htmlgraphics-value');\n\nif (htmlgraphicsValue) {\n  const valueField = data.series[0]?.fields[1];\n  if (valueField) {\n    const length = valueField.values.length;\n    htmlgraphicsValue.textContent = valueField.values.get(length - 1);\n  } else {\n    htmlgraphicsValue.textContent = \"No data\"\n  }\n}\n",
        "overflow": "visible",
        "panelupdateOnMount": true,
        "reduceOptions": {
          "calcs": [
            "last"
          ]
        },
        "renderOnMount": true,
        "rootCSS": ""
      },
      "transparent": true,
      "type": "gapit-htmlgraphics-panel"
    },
    {
      "gridPos": {
        "h": 2,
        "w": 15,
        "x": 9,
        "y": 0
      },
      "id": 19,
      "options": {
        "content": "#### Endpoint Inventory\n",
        "mode": "markdown"
      },
      "pluginVersion": "8.3.1",
      "transparent": true,
      "type": "text"
    },
    {
      "fieldConfig": {
        "defaults": {
          "color": {
            "mode": "thresholds"
          },
          "mappings": [],
          "thresholds": {
            "mode": "absolute",
            "steps": [
              {
                "color": "text",
                "value": null
              }
            ]
          }
        },
        "overrides": []
      },
      "gridPos": {
        "h": 4,
        "w": 5,
        "x": 9,
        "y": 2
      },
      "id": 9,
      "options": {
        "colorMode": "value",
        "graphMode": "area",
        "justifyMode": "auto",
        "orientation": "auto",
        "reduceOptions": {
          "calcs": [
            "lastNotNull"
          ],
          "fields": "",
          "values": false
        },
        "textMode": "auto"
      },
      "pluginVersion": "8.3.1",
      "targets": [
        {
          "datasource": {
            "type": "postgres",
            "uid": "loQlbs27k"
          },
          "format": "table",
          "group": [],
          "metricColumn": "none",
          "rawQuery": true,
          "rawSql": "Select 9 as \"Mandate\"\n",
          "refId": "A",
          "select": [
            [
              {
                "params": [
                  "value"
                ],
                "type": "column"
              }
            ]
          ],
          "timeColumn": "time",
          "where": [
            {
              "name": "$__timeFilter",
              "params": [],
              "type": "macro"
            }
          ]
        }
      ],
      "title": "Mandate Columns",
      "type": "stat"
    },
    {
      "fieldConfig": {
        "defaults": {
          "color": {
            "mode": "thresholds"
          },
          "mappings": [],
          "thresholds": {
            "mode": "absolute",
            "steps": [
              {
                "color": "text",
                "value": null
              }
            ]
          }
        },
        "overrides": []
      },
      "gridPos": {
        "h": 4,
        "w": 5,
        "x": 14,
        "y": 2
      },
      "id": 10,
      "options": {
        "colorMode": "value",
        "graphMode": "area",
        "justifyMode": "auto",
        "orientation": "auto",
        "reduceOptions": {
          "calcs": [
            "lastNotNull"
          ],
          "fields": "",
          "values": false
        },
        "textMode": "auto"
      },
      "pluginVersion": "8.3.1",
      "targets": [
        {
          "datasource": {
            "type": "postgres",
            "uid": "loQlbs27k"
          },
          "format": "table",
          "group": [],
          "metricColumn": "none",
          "rawQuery": true,
          "rawSql": "Select 2 as \"Up-to-date\"\n",
          "refId": "A",
          "select": [
            [
              {
                "params": [
                  "value"
                ],
                "type": "column"
              }
            ]
          ],
          "timeColumn": "time",
          "where": [
            {
              "name": "$__timeFilter",
              "params": [],
              "type": "macro"
            }
          ]
        }
      ],
      "title": "Up-to-date Columns",
      "type": "stat"
    },
    {
      "fieldConfig": {
        "defaults": {
          "color": {
            "mode": "thresholds"
          },
          "mappings": [],
          "max": 100,
          "min": 0,
          "thresholds": {
            "mode": "absolute",
            "steps": [
              {
                "color": "red",
                "value": null
              },
              {
                "color": "light-green",
                "value": 95
              }
            ]
          },
          "unit": "percent"
        },
        "overrides": []
      },
      "gridPos": {
        "h": 4,
        "w": 5,
        "x": 19,
        "y": 2
      },
      "id": 11,
      "options": {
        "orientation": "auto",
        "reduceOptions": {
          "calcs": [
            "lastNotNull"
          ],
          "fields": "",
          "values": false
        },
        "showThresholdLabels": false,
        "showThresholdMarkers": true
      },
      "pluginVersion": "8.3.1",
      "targets": [
        {
          "datasource": {
            "type": "postgres",
            "uid": "loQlbs27k"
          },
          "format": "table",
          "group": [],
          "metricColumn": "none",
          "rawQuery": true,
          "rawSql": "Select 22.22\n",
          "refId": "A",
          "select": [
            [
              {
                "params": [
                  "value"
                ],
                "type": "column"
              }
            ]
          ],
          "timeColumn": "time",
          "where": [
            {
              "name": "$__timeFilter",
              "params": [],
              "type": "macro"
            }
          ]
        }
      ],
      "title": "Completion Score",
      "type": "gauge"
    },
    {
      "fieldConfig": {
        "defaults": {
          "color": {
            "mode": "thresholds"
          },
          "mappings": [],
          "thresholds": {
            "mode": "absolute",
            "steps": [
              {
                "color": "green",
                "value": null
              },
              {
                "color": "red",
                "value": 80
              }
            ]
          }
        },
        "overrides": []
      },
      "gridPos": {
        "h": 6,
        "w": 8,
        "x": 0,
        "y": 6
      },
      "id": 6,
      "options": {
        "SVGBaseFix": true,
        "add100Percentage": false,
        "calcsMutation": "standard",
        "centerAlignContent": true,
        "codeData": "{\n  \"text\": \"Random text\"\n}",
        "css": "* {\n  font-family: Open Sans;\n  margin:1%;\n}\n\na {\n  position:relative;\n  overflow: hidden;\n  display:block;\n  text-align:center;\n  transition: background 400ms;\n  color: #fff;\n  background-color: rgba(12,100,153,1);\n  padding: 0.8rem 1.8rem;\n  font-family: 'Roboto', sans-serif;\n  font-size: 1.5rem;\n  outline: 0;\n  border: 0;\n  border-radius: 0.25rem;\n  box-shadow: 0 0 0.5rem rgba(0, 0, 0, 0.3);\n  cursor: pointer;\n  text-decoration:none;\n  margin:2%;\n}\n\nspan.ripple {\n  position: absolute; /* The absolute position we mentioned earlier */\n  border-radius: 50%;\n  transform: scale(0);\n  animation: ripple 600ms linear;\n  background-color: rgba(255, 255, 255, 0.7);\n}\n\n@keyframes ripple {\n  to {\n    transform: scale(4);\n    opacity: 0;\n  }\n}",
        "dynamicData": false,
        "dynamicFieldDisplayValues": false,
        "dynamicHtmlGraphics": false,
        "dynamicProps": false,
        "html": "<div style=\"width:100%;\">\n  <h2 style=\"text-align:center;\">Server Dashboards</h2>\n\n  <a>Server Compliance</a>\n  <a>Server Security</a>\n  \n</div>\n",
        "onInit": "// Sets the text from customProperties\nconst htmlgraphicsText = htmlNode.getElementById('htmlgraphics-text');\n\nif (htmlgraphicsText) {\n  htmlgraphicsText.textContent = customProperties.text;\n\n  // Change the text color based on the theme\n  if (theme.isDark) {\n    htmlgraphicsText.style.color = 'green';\n  } else {\n    htmlgraphicsText.style.color = 'red';\n  }\n}\n",
        "onInitOnResize": false,
        "onRender": "// Sets the value from the first series on every refresh\nconst htmlgraphicsValue = htmlNode.getElementById('htmlgraphics-value');\n\nif (htmlgraphicsValue) {\n  const valueField = data.series[0]?.fields[1];\n  if (valueField) {\n    const length = valueField.values.length;\n    htmlgraphicsValue.textContent = valueField.values.get(length - 1);\n  } else {\n    htmlgraphicsValue.textContent = \"No data\"\n  }\n}\n",
        "overflow": "visible",
        "panelupdateOnMount": true,
        "reduceOptions": {
          "calcs": [
            "last"
          ]
        },
        "renderOnMount": true,
        "rootCSS": ""
      },
      "transparent": true,
      "type": "gapit-htmlgraphics-panel"
    },
    {
      "gridPos": {
        "h": 2,
        "w": 15,
        "x": 9,
        "y": 6
      },
      "id": 20,
      "options": {
        "content": "#### Server Inventory\n",
        "mode": "markdown"
      },
      "pluginVersion": "8.3.1",
      "transparent": true,
      "type": "text"
    },
    {
      "fieldConfig": {
        "defaults": {
          "color": {
            "mode": "thresholds"
          },
          "mappings": [],
          "thresholds": {
            "mode": "absolute",
            "steps": [
              {
                "color": "text",
                "value": null
              }
            ]
          }
        },
        "overrides": []
      },
      "gridPos": {
        "h": 4,
        "w": 5,
        "x": 9,
        "y": 8
      },
      "id": 12,
      "options": {
        "colorMode": "value",
        "graphMode": "area",
        "justifyMode": "auto",
        "orientation": "auto",
        "reduceOptions": {
          "calcs": [
            "lastNotNull"
          ],
          "fields": "",
          "values": false
        },
        "textMode": "auto"
      },
      "pluginVersion": "8.3.1",
      "targets": [
        {
          "datasource": {
            "type": "postgres",
            "uid": "loQlbs27k"
          },
          "format": "table",
          "group": [],
          "metricColumn": "none",
          "rawQuery": true,
          "rawSql": "Select 15 as \"Mandate\"\n",
          "refId": "A",
          "select": [
            [
              {
                "params": [
                  "value"
                ],
                "type": "column"
              }
            ]
          ],
          "timeColumn": "time",
          "where": [
            {
              "name": "$__timeFilter",
              "params": [],
              "type": "macro"
            }
          ]
        }
      ],
      "title": "Mandate Columns",
      "type": "stat"
    },
    {
      "fieldConfig": {
        "defaults": {
          "color": {
            "mode": "thresholds"
          },
          "mappings": [],
          "thresholds": {
            "mode": "absolute",
            "steps": [
              {
                "color": "text",
                "value": null
              }
            ]
          }
        },
        "overrides": []
      },
      "gridPos": {
        "h": 4,
        "w": 5,
        "x": 14,
        "y": 8
      },
      "id": 13,
      "options": {
        "colorMode": "value",
        "graphMode": "area",
        "justifyMode": "auto",
        "orientation": "auto",
        "reduceOptions": {
          "calcs": [
            "lastNotNull"
          ],
          "fields": "",
          "values": false
        },
        "textMode": "auto"
      },
      "pluginVersion": "8.3.1",
      "targets": [
        {
          "datasource": {
            "type": "postgres",
            "uid": "loQlbs27k"
          },
          "format": "table",
          "group": [],
          "metricColumn": "none",
          "rawQuery": true,
          "rawSql": "Select 7 as \"Up-to-date\"\n",
          "refId": "A",
          "select": [
            [
              {
                "params": [
                  "value"
                ],
                "type": "column"
              }
            ]
          ],
          "timeColumn": "time",
          "where": [
            {
              "name": "$__timeFilter",
              "params": [],
              "type": "macro"
            }
          ]
        }
      ],
      "title": "Up-to-date Columns",
      "type": "stat"
    },
    {
      "fieldConfig": {
        "defaults": {
          "color": {
            "mode": "thresholds"
          },
          "mappings": [],
          "max": 100,
          "min": 0,
          "thresholds": {
            "mode": "absolute",
            "steps": [
              {
                "color": "red",
                "value": null
              },
              {
                "color": "light-green",
                "value": 95
              }
            ]
          },
          "unit": "percent"
        },
        "overrides": []
      },
      "gridPos": {
        "h": 4,
        "w": 5,
        "x": 19,
        "y": 8
      },
      "id": 14,
      "options": {
        "orientation": "auto",
        "reduceOptions": {
          "calcs": [
            "lastNotNull"
          ],
          "fields": "",
          "values": false
        },
        "showThresholdLabels": false,
        "showThresholdMarkers": true
      },
      "pluginVersion": "8.3.1",
      "targets": [
        {
          "datasource": {
            "type": "postgres",
            "uid": "loQlbs27k"
          },
          "format": "table",
          "group": [],
          "metricColumn": "none",
          "rawQuery": true,
          "rawSql": "Select 46.67\n",
          "refId": "A",
          "select": [
            [
              {
                "params": [
                  "value"
                ],
                "type": "column"
              }
            ]
          ],
          "timeColumn": "time",
          "where": [
            {
              "name": "$__timeFilter",
              "params": [],
              "type": "macro"
            }
          ]
        }
      ],
      "title": "Completion Score",
      "type": "gauge"
    },
    {
      "fieldConfig": {
        "defaults": {
          "color": {
            "mode": "thresholds"
          },
          "mappings": [],
          "thresholds": {
            "mode": "absolute",
            "steps": [
              {
                "color": "green",
                "value": null
              },
              {
                "color": "red",
                "value": 80
              }
            ]
          }
        },
        "overrides": []
      },
      "gridPos": {
        "h": 6,
        "w": 8,
        "x": 0,
        "y": 12
      },
      "id": 7,
      "options": {
        "SVGBaseFix": true,
        "add100Percentage": false,
        "calcsMutation": "standard",
        "centerAlignContent": true,
        "codeData": "{\n  \"text\": \"Random text\"\n}",
        "css": "* {\n  font-family: Open Sans;\n  margin:1%;\n}\n\na {\n  position:relative;\n  overflow: hidden;\n  display:block;\n  text-align:center;\n  transition: background 400ms;\n  color: #fff;\n  background-color: rgba(8,176,176,1);\n  padding: 0.8rem 1.8rem;\n  font-family: 'Roboto', sans-serif;\n  font-size: 1.5rem;\n  outline: 0;\n  border: 0;\n  border-radius: 0.25rem;\n  box-shadow: 0 0 0.5rem rgba(0, 0, 0, 0.3);\n  cursor: pointer;\n  text-decoration:none;\n  margin:2%;\n}\n\nspan.ripple {\n  position: absolute; /* The absolute position we mentioned earlier */\n  border-radius: 50%;\n  transform: scale(0);\n  animation: ripple 600ms linear;\n  background-color: rgba(255, 255, 255, 0.7);\n}\n\n@keyframes ripple {\n  to {\n    transform: scale(4);\n    opacity: 0;\n  }\n}",
        "dynamicData": false,
        "dynamicFieldDisplayValues": false,
        "dynamicHtmlGraphics": false,
        "dynamicProps": false,
        "html": "<div style=\"width:100%;\">\n  <h2 style=\"text-align:center;\">Application Dashboards</h2>\n\n  <a>Application Compliance</a>\n  <a>Application Security</a>\n  \n</div>\n",
        "onInit": "// Sets the text from customProperties\nconst htmlgraphicsText = htmlNode.getElementById('htmlgraphics-text');\n\nif (htmlgraphicsText) {\n  htmlgraphicsText.textContent = customProperties.text;\n\n  // Change the text color based on the theme\n  if (theme.isDark) {\n    htmlgraphicsText.style.color = 'green';\n  } else {\n    htmlgraphicsText.style.color = 'red';\n  }\n}\n",
        "onInitOnResize": false,
        "onRender": "// Sets the value from the first series on every refresh\nconst htmlgraphicsValue = htmlNode.getElementById('htmlgraphics-value');\n\nif (htmlgraphicsValue) {\n  const valueField = data.series[0]?.fields[1];\n  if (valueField) {\n    const length = valueField.values.length;\n    htmlgraphicsValue.textContent = valueField.values.get(length - 1);\n  } else {\n    htmlgraphicsValue.textContent = \"No data\"\n  }\n}\n",
        "overflow": "visible",
        "panelupdateOnMount": true,
        "reduceOptions": {
          "calcs": [
            "last"
          ]
        },
        "renderOnMount": true,
        "rootCSS": ""
      },
      "transparent": true,
      "type": "gapit-htmlgraphics-panel"
    },
    {
      "gridPos": {
        "h": 2,
        "w": 15,
        "x": 9,
        "y": 12
      },
      "id": 21,
      "options": {
        "content": "#### Application Inventory\n",
        "mode": "markdown"
      },
      "pluginVersion": "8.3.1",
      "transparent": true,
      "type": "text"
    },
    {
      "fieldConfig": {
        "defaults": {
          "color": {
            "mode": "thresholds"
          },
          "mappings": [],
          "thresholds": {
            "mode": "absolute",
            "steps": [
              {
                "color": "text",
                "value": null
              }
            ]
          }
        },
        "overrides": []
      },
      "gridPos": {
        "h": 4,
        "w": 5,
        "x": 9,
        "y": 14
      },
      "id": 15,
      "options": {
        "colorMode": "value",
        "graphMode": "area",
        "justifyMode": "auto",
        "orientation": "auto",
        "reduceOptions": {
          "calcs": [
            "lastNotNull"
          ],
          "fields": "",
          "values": false
        },
        "textMode": "auto"
      },
      "pluginVersion": "8.3.1",
      "targets": [
        {
          "datasource": {
            "type": "postgres",
            "uid": "loQlbs27k"
          },
          "format": "table",
          "group": [],
          "metricColumn": "none",
          "rawQuery": true,
          "rawSql": "Select 5 as \"Mandate\"\n",
          "refId": "A",
          "select": [
            [
              {
                "params": [
                  "value"
                ],
                "type": "column"
              }
            ]
          ],
          "timeColumn": "time",
          "where": [
            {
              "name": "$__timeFilter",
              "params": [],
              "type": "macro"
            }
          ]
        }
      ],
      "title": "Mandate Columns",
      "type": "stat"
    },
    {
      "fieldConfig": {
        "defaults": {
          "color": {
            "mode": "thresholds"
          },
          "mappings": [],
          "thresholds": {
            "mode": "absolute",
            "steps": [
              {
                "color": "text",
                "value": null
              }
            ]
          }
        },
        "overrides": []
      },
      "gridPos": {
        "h": 4,
        "w": 5,
        "x": 14,
        "y": 14
      },
      "id": 16,
      "options": {
        "colorMode": "value",
        "graphMode": "area",
        "justifyMode": "auto",
        "orientation": "auto",
        "reduceOptions": {
          "calcs": [
            "lastNotNull"
          ],
          "fields": "",
          "values": false
        },
        "textMode": "auto"
      },
      "pluginVersion": "8.3.1",
      "targets": [
        {
          "datasource": {
            "type": "postgres",
            "uid": "loQlbs27k"
          },
          "format": "table",
          "group": [],
          "metricColumn": "none",
          "rawQuery": true,
          "rawSql": "Select 5 as \"Up-to-date\"\n",
          "refId": "A",
          "select": [
            [
              {
                "params": [
                  "value"
                ],
                "type": "column"
              }
            ]
          ],
          "timeColumn": "time",
          "where": [
            {
              "name": "$__timeFilter",
              "params": [],
              "type": "macro"
            }
          ]
        }
      ],
      "title": "Up-to-date Columns",
      "type": "stat"
    },
    {
      "fieldConfig": {
        "defaults": {
          "color": {
            "mode": "thresholds"
          },
          "mappings": [],
          "max": 100,
          "min": 0,
          "thresholds": {
            "mode": "absolute",
            "steps": [
              {
                "color": "red",
                "value": null
              },
              {
                "color": "light-green",
                "value": 95
              }
            ]
          },
          "unit": "percent"
        },
        "overrides": []
      },
      "gridPos": {
        "h": 4,
        "w": 5,
        "x": 19,
        "y": 14
      },
      "id": 17,
      "options": {
        "orientation": "auto",
        "reduceOptions": {
          "calcs": [
            "lastNotNull"
          ],
          "fields": "",
          "values": false
        },
        "showThresholdLabels": false,
        "showThresholdMarkers": true
      },
      "pluginVersion": "8.3.1",
      "targets": [
        {
          "datasource": {
            "type": "postgres",
            "uid": "loQlbs27k"
          },
          "format": "table",
          "group": [],
          "metricColumn": "none",
          "rawQuery": true,
          "rawSql": "Select 100\n",
          "refId": "A",
          "select": [
            [
              {
                "params": [
                  "value"
                ],
                "type": "column"
              }
            ]
          ],
          "timeColumn": "time",
          "where": [
            {
              "name": "$__timeFilter",
              "params": [],
              "type": "macro"
            }
          ]
        }
      ],
      "title": "Completion Score",
      "type": "gauge"
    }
  ],
  "schemaVersion": 33,
  "style": "dark",
  "tags": [],
  "templating": {
    "list": []
  },
  "time": {
    "from": "now-6h",
    "to": "now"
  },
  "timepicker": {
    "hidden": true,
    "refresh_intervals": [
      "5s",
      "10s",
      "30s",
      "1m",
      "5m",
      "15m",
      "30m",
      "1h",
      "2h",
      "1d"
    ],
    "time_options": [
      "5m",
      "15m",
      "1h",
      "6h",
      "12h",
      "24h",
      "2d",
      "7d",
      "30d"
    ],
    "type": "timepicker"
  },
  "timezone": "browser",
  "title": "Cybervisible - Home",
  "uid": "aUnSMhT7z",
  "version": 27,
  "weekStart": ""
}