{
  "annotations": {
    "list": [
      {
        "builtIn": 1,
        "datasource": "-- Grafana --",
        "enable": true,
        "hide": true,
        "iconColor": "rgba(0, 211, 255, 1)",
        "name": "Annotations & Alerts",
        "target": {
          "limit": 100,
          "matchAny": false,
          "tags": [],
          "type": "dashboard"
        },
        "type": "dashboard"
      }
    ]
  },
  "editable": true,
  "fiscalYearStartMonth": 0,
  "graphTooltip": 0,
  "id": 13,
  "iteration": 1644592718660,
  "links": [
    {
      "asDropdown": false,
      "icon": "dashboard",
      "includeVars": true,
      "keepTime": true,
      "tags": [],
      "targetBlank": false,
      "title": "Back to Compliance Report",
      "tooltip": "Back to Compliance Report",
      "type": "link",
      "url": "https://demo.cybervisible.in/grafana/d/zS02I7Ank/endpoint-compliance-report?orgId=1"
    }
  ],
  "liveNow": false,
  "panels": [
    {
      "fieldConfig": {
        "defaults": {
          "color": {
            "mode": "palette-classic"
          },
          "custom": {
            "hideFrom": {
              "legend": false,
              "tooltip": false,
              "viz": false
            }
          },
          "mappings": []
        },
        "overrides": [
          {
            "matcher": {
              "id": "byName",
              "options": "Compliance"
            },
            "properties": [
              {
                "id": "color",
                "value": {
                  "fixedColor": "dark-green",
                  "mode": "fixed"
                }
              }
            ]
          },
          {
            "matcher": {
              "id": "byName",
              "options": "Non Compliance"
            },
            "properties": [
              {
                "id": "color",
                "value": {
                  "fixedColor": "#a5300f",
                  "mode": "fixed"
                }
              }
            ]
          }
        ]
      },
      "gridPos": {
        "h": 9,
        "w": 8,
        "x": 0,
        "y": 0
      },
      "id": 79,
      "options": {
        "displayLabels": [
          "percent"
        ],
        "legend": {
          "displayMode": "list",
          "placement": "right",
          "values": []
        },
        "pieType": "donut",
        "reduceOptions": {
          "calcs": [
            "lastNotNull"
          ],
          "fields": "",
          "values": true
        },
        "tooltip": {
          "mode": "single"
        }
      },
      "targets": [
        {
          "datasource": {
            "type": "postgres",
            "uid": "loQlbs27k"
          },
          "format": "table",
          "group": [],
          "metricColumn": "none",
          "rawQuery": true,
          "rawSql": "with compliant_all as (\n select count(*) cnt from inventory i inner join all_endpoint a on i.hostname = a.hostname where i.ci_status like any (array['Live', 'Buffer', 'Repair', 'Spare']) and business_unit in ($bu) and i.inventory_location in ($location)\n)\nselect 'Compliance' as status,(select cnt from compliant_all)*100/count(*)::decimal(16,3) as count from inventory i where i.ci_status like any (array['Live', 'Buffer', 'Repair', 'Spare']) and business_unit in ($bu) and i.inventory_location in ($location)\nUnion\nselect 'Non Compliance' as status,100 - ( select cnt from compliant_all)*100/count(*)::decimal(16,3) as count  from inventory i where i.ci_status like any (array['Live', 'Buffer', 'Repair', 'Spare']) and business_unit in ($bu) and i.inventory_location in ($location)",
          "refId": "A",
          "select": [
            [
              {
                "params": [
                  "value"
                ],
                "type": "column"
              }
            ]
          ],
          "timeColumn": "time",
          "where": [
            {
              "name": "$__timeFilter",
              "params": [],
              "type": "macro"
            }
          ]
        }
      ],
      "title": "Compliance %",
      "type": "piechart"
    },
    {
      "fieldConfig": {
        "defaults": {
          "color": {
            "mode": "palette-classic"
          },
          "custom": {
            "hideFrom": {
              "legend": false,
              "tooltip": false,
              "viz": false
            }
          },
          "mappings": []
        },
        "overrides": []
      },
      "gridPos": {
        "h": 9,
        "w": 8,
        "x": 8,
        "y": 0
      },
      "id": 77,
      "options": {
        "displayLabels": [
          "percent"
        ],
        "legend": {
          "displayMode": "list",
          "placement": "right",
          "values": []
        },
        "pieType": "pie",
        "reduceOptions": {
          "calcs": [
            "lastNotNull"
          ],
          "fields": "",
          "values": true
        },
        "tooltip": {
          "mode": "single"
        }
      },
      "targets": [
        {
          "datasource": {
            "type": "postgres",
            "uid": "loQlbs27k"
          },
          "format": "table",
          "group": [],
          "metricColumn": "none",
          "rawQuery": true,
          "rawSql": "with p1 as (SELECT\n\tcount(i.*) as count\nFROM\n\tinventory i\nWHERE\ninventory_location in ($location) and business_unit in ($bu)\nand ci_status like any (array['Live','Buffer','Repair','Spare']) and\n\tNOT EXISTS (\n\t\tSELECT\n\t\t\t1\n\t\tFROM\n\t\t\tdlp d\n\t\tWHERE\n\t\t\ti.hostname = d.hostname)\n\tAND\t\t\n\tNOT EXISTS (\n\t\tSELECT\n\t\t\t1\n\t\tFROM\n\t\t\tfalcon d\n\t\tWHERE\n\t\t\ti.hostname = d.hostname)\n\tAND\n\tNOT EXISTS (\n\t\tSELECT\n\t\t\t1\n\t\tFROM\n\t\t\tmcafee d\n\t\tWHERE\n\t\t\ti.hostname = d.hostname)\n\tAND\n\tNOT EXISTS (\n\t\tSELECT\n\t\t\t1\n\t\tFROM\n\t\t\tnac d\n\t\tWHERE\n\t\t\ti.hostname = d.hostname)\n\tAND\n\tNOT EXISTS (\n\t\tSELECT\n\t\t\t1\n\t\tFROM\n\t\t\tbitlocker d\n\t\tWHERE\n\t\t\ti.hostname = d.hostname)\n\tAND\n\tNOT EXISTS (\n\t\tSELECT\n\t\t\t1\n\t\tFROM\n\t\t\tworkspace_one d\n\t\tWHERE\n\t\t\ti.hostname = d.hostname)),\np2 as (SELECT\n\tcount(i.*) as count\nFROM\n\tinventory i\nWHERE\ninventory_location in ($location) and business_unit in ($bu)\nand ci_status like any (array['Live','Buffer','Repair','Spare']) and\n\tNOT EXISTS (\n\t\tSELECT\n\t\t\t1\n\t\tFROM\n\t\t\tfalcon d\n\t\tWHERE\n\t\t\ti.hostname = d.hostname)\n\tAND\t\t\n\tNOT EXISTS (\n\t\tSELECT\n\t\t\t1\n\t\tFROM\n\t\t\tdlp d\n\t\tWHERE\n\t\t\ti.hostname = d.hostname)\n\tAND\n\t(EXISTS (\n\t\tSELECT\n\t\t\t1\n\t\tFROM\n\t\t\tmcafee d\n\t\tWHERE\n\t\t\ti.hostname = d.hostname)\n\t OR\n\t EXISTS (\n\t\tSELECT\n\t\t\t1\n\t\tFROM\n\t\t\tbitlocker d\n\t\tWHERE\n\t\t\ti.hostname = d.hostname)\n\t OR\n\t EXISTS (\n\t\tSELECT\n\t\t\t1\n\t\tFROM\n\t\t\tnac d\n\t\tWHERE\n\t\t\ti.hostname = d.hostname)\n\t )),\np3 as (SELECT\n\tcount(i.*) as count\nFROM\n\tinventory i\nWHERE\ninventory_location in ($location) and business_unit in ($bu)\nand ci_status like any (array['Live','Buffer','Repair','Spare']) and\n\tNOT EXISTS (\n\t\tSELECT\n\t\t\t1\n\t\tFROM\n\t\t\tdlp d\n\t\tWHERE\n\t\t\ti.hostname = d.hostname)\n\tAND\t(\t\n\t EXISTS (\n\t\tSELECT\n\t\t\t1\n\t\tFROM\n\t\t\tfalcon d\n\t\tWHERE\n\t\t\ti.hostname = d.hostname)\n\tOR\n\t EXISTS (\n\t\tSELECT\n\t\t\t1\n\t\tFROM\n\t\t\tmcafee d\n\t\tWHERE\n\t\t\ti.hostname = d.hostname)\n\tOR\n\t EXISTS (\n\t\tSELECT\n\t\t\t1\n\t\tFROM\n\t\t\tnac d\n\t\tWHERE\n\t\t\ti.hostname = d.hostname)\n\tOR\n\t EXISTS (\n\t\tSELECT\n\t\t\t1\n\t\tFROM\n\t\t\tbitlocker d\n\t\tWHERE\n\t\t\ti.hostname = d.hostname)\n\tOR\n\t EXISTS (\n\t\tSELECT\n\t\t\t1\n\t\tFROM\n\t\t\tworkspace_one d\n\t\tWHERE\n\t\t\ti.hostname = d.hostname)\n\t)),\ntotal as (\nSelect count(*) as count from inventory where inventory_location in ($location) and business_unit in ($bu)\nand ci_status like any (array['Live','Buffer','Repair','Spare'])\n)\nSelect 'P1' as \"PScore\", p1.count as \"Count\" from p1\nUnion\nSelect 'P2' as \"PScore\", p2.count as \"Count\" from p2\nUnion\nSelect 'P3' as \"PScore\", p3.count as \"Count\" from p3\nUnion\nSelect 'P4' as \"PScore\",total.count - (Select p1.count from p1)-(Select p2.count from p2)-(Select p3.count from p3) as \"Count\" from total",
          "refId": "A",
          "select": [
            [
              {
                "params": [
                  "value"
                ],
                "type": "column"
              }
            ]
          ],
          "timeColumn": "time",
          "where": [
            {
              "name": "$__timeFilter",
              "params": [],
              "type": "macro"
            }
          ]
        }
      ],
      "title": "P-Score",
      "type": "piechart"
    },
    {
      "fieldConfig": {
        "defaults": {
          "color": {
            "mode": "palette-classic"
          },
          "custom": {
            "hideFrom": {
              "legend": false,
              "tooltip": false,
              "viz": false
            }
          },
          "mappings": []
        },
        "overrides": [
          {
            "matcher": {
              "id": "byName",
              "options": "On Premise"
            },
            "properties": [
              {
                "id": "color",
                "value": {
                  "fixedColor": "#a5300f",
                  "mode": "fixed"
                }
              }
            ]
          }
        ]
      },
      "gridPos": {
        "h": 9,
        "w": 8,
        "x": 16,
        "y": 0
      },
      "id": 81,
      "options": {
        "displayLabels": [
          "value"
        ],
        "legend": {
          "displayMode": "list",
          "placement": "right",
          "values": []
        },
        "pieType": "pie",
        "reduceOptions": {
          "calcs": [
            "lastNotNull"
          ],
          "fields": "",
          "values": true
        },
        "tooltip": {
          "mode": "multi"
        }
      },
      "targets": [
        {
          "datasource": {
            "type": "postgres",
            "uid": "loQlbs27k"
          },
          "format": "table",
          "group": [],
          "metricColumn": "none",
          "rawQuery": true,
          "rawSql": "Select provider, count(*) as count from inventory where inventory_location in ($location) and business_unit in ($bu) group by provider",
          "refId": "A",
          "select": [
            [
              {
                "params": [
                  "value"
                ],
                "type": "column"
              }
            ]
          ],
          "timeColumn": "time",
          "where": [
            {
              "name": "$__timeFilter",
              "params": [],
              "type": "macro"
            }
          ]
        }
      ],
      "title": "Physical Cloud Assets",
      "type": "piechart"
    },
    {
      "gridPos": {
        "h": 1,
        "w": 24,
        "x": 0,
        "y": 9
      },
      "id": 73,
      "title": "Overall Compliance",
      "type": "row"
    },
    {
      "description": "",
      "fieldConfig": {
        "defaults": {
          "color": {
            "fixedColor": "#a5300f",
            "mode": "fixed"
          },
          "mappings": [],
          "thresholds": {
            "mode": "absolute",
            "steps": [
              {
                "color": "#a8e087",
                "value": null
              }
            ]
          }
        },
        "overrides": []
      },
      "gridPos": {
        "h": 6,
        "w": 4,
        "x": 0,
        "y": 10
      },
      "id": 59,
      "options": {
        "colorMode": "background",
        "graphMode": "none",
        "justifyMode": "center",
        "orientation": "auto",
        "reduceOptions": {
          "calcs": [
            "lastNotNull"
          ],
          "fields": "",
          "values": false
        },
        "textMode": "auto"
      },
      "pluginVersion": "8.3.1",
      "targets": [
        {
          "datasource": {
            "type": "postgres",
            "uid": "loQlbs27k"
          },
          "format": "table",
          "group": [],
          "metricColumn": "none",
          "rawQuery": true,
          "rawSql": "select count(*) as \"Total Endpoints\" from inventory where business_unit in ($bu) and inventory_location in ($location) ;\n",
          "refId": "A",
          "select": [
            [
              {
                "params": [
                  "value"
                ],
                "type": "column"
              }
            ]
          ],
          "timeColumn": "time",
          "where": [
            {
              "name": "$__timeFilter",
              "params": [],
              "type": "macro"
            }
          ]
        }
      ],
      "title": "Total",
      "type": "stat"
    },
    {
      "fieldConfig": {
        "defaults": {
          "color": {
            "mode": "thresholds"
          },
          "mappings": [],
          "thresholds": {
            "mode": "absolute",
            "steps": [
              {
                "color": "#a5300f",
                "value": null
              }
            ]
          }
        },
        "overrides": []
      },
      "gridPos": {
        "h": 6,
        "w": 4,
        "x": 4,
        "y": 10
      },
      "id": 61,
      "options": {
        "colorMode": "background",
        "graphMode": "area",
        "justifyMode": "center",
        "orientation": "vertical",
        "reduceOptions": {
          "calcs": [
            "lastNotNull"
          ],
          "fields": "",
          "values": false
        },
        "textMode": "auto"
      },
      "pluginVersion": "8.3.1",
      "targets": [
        {
          "datasource": {
            "type": "postgres",
            "uid": "loQlbs27k"
          },
          "format": "table",
          "group": [],
          "metricColumn": "none",
          "rawQuery": true,
          "rawSql": "select count(*) as \"Applicable\" from inventory where ci_status like any (array['Live', 'Buffer', 'Repair', 'Spare']) and business_unit in ($bu) and inventory_location in ($location);",
          "refId": "A",
          "select": [
            [
              {
                "params": [
                  "value"
                ],
                "type": "column"
              }
            ]
          ],
          "timeColumn": "time",
          "where": [
            {
              "name": "$__timeFilter",
              "params": [],
              "type": "macro"
            }
          ]
        }
      ],
      "title": "Applicable",
      "type": "stat"
    },
    {
      "description": "",
      "fieldConfig": {
        "defaults": {
          "color": {
            "mode": "thresholds"
          },
          "mappings": [],
          "thresholds": {
            "mode": "absolute",
            "steps": [
              {
                "color": "#a5300f",
                "value": null
              }
            ]
          }
        },
        "overrides": []
      },
      "gridPos": {
        "h": 6,
        "w": 4,
        "x": 8,
        "y": 10
      },
      "id": 63,
      "options": {
        "colorMode": "background",
        "graphMode": "area",
        "justifyMode": "auto",
        "orientation": "auto",
        "reduceOptions": {
          "calcs": [
            "lastNotNull"
          ],
          "fields": "",
          "values": false
        },
        "textMode": "auto"
      },
      "pluginVersion": "8.3.1",
      "targets": [
        {
          "datasource": {
            "type": "postgres",
            "uid": "loQlbs27k"
          },
          "format": "table",
          "group": [],
          "metricColumn": "none",
          "rawQuery": true,
          "rawSql": "select count(*) as \"Compliant\" from all_endpoint f inner join inventory i on f.hostname = i.hostname where i.ci_status like any (array['Live', 'Buffer', 'Repair', 'Spare']) and business_unit in ($bu) and i.inventory_location in ($location)",
          "refId": "A",
          "select": [
            [
              {
                "params": [
                  "value"
                ],
                "type": "column"
              }
            ]
          ],
          "timeColumn": "time",
          "where": [
            {
              "name": "$__timeFilter",
              "params": [],
              "type": "macro"
            }
          ]
        }
      ],
      "title": "Compliant",
      "type": "stat"
    },
    {
      "description": "",
      "fieldConfig": {
        "defaults": {
          "color": {
            "mode": "thresholds"
          },
          "mappings": [],
          "thresholds": {
            "mode": "absolute",
            "steps": [
              {
                "color": "#a5300f",
                "value": null
              }
            ]
          }
        },
        "overrides": []
      },
      "gridPos": {
        "h": 6,
        "w": 4,
        "x": 12,
        "y": 10
      },
      "id": 65,
      "options": {
        "colorMode": "background",
        "graphMode": "area",
        "justifyMode": "auto",
        "orientation": "auto",
        "reduceOptions": {
          "calcs": [
            "lastNotNull"
          ],
          "fields": "",
          "values": false
        },
        "textMode": "auto"
      },
      "pluginVersion": "8.3.1",
      "targets": [
        {
          "datasource": {
            "type": "postgres",
            "uid": "loQlbs27k"
          },
          "format": "table",
          "group": [],
          "metricColumn": "none",
          "rawQuery": true,
          "rawSql": "select count(*) - (select count(*) from all_endpoint f inner join inventory i on f.hostname = i.hostname where i.ci_status like any (array['Live', 'Buffer', 'Repair', 'Spare']) and business_unit in ($bu) and i.inventory_location in ($location)) from inventory where ci_status like any (array['Live', 'Buffer', 'Repair', 'Spare'] ) and business_unit in ($bu) and inventory_location in ($location)\n",
          "refId": "A",
          "select": [
            [
              {
                "params": [
                  "value"
                ],
                "type": "column"
              }
            ]
          ],
          "timeColumn": "time",
          "where": [
            {
              "name": "$__timeFilter",
              "params": [],
              "type": "macro"
            }
          ]
        }
      ],
      "title": "Non-Compliant",
      "transformations": [],
      "type": "stat"
    },
    {
      "description": "",
      "fieldConfig": {
        "defaults": {
          "color": {
            "mode": "thresholds"
          },
          "mappings": [],
          "thresholds": {
            "mode": "absolute",
            "steps": [
              {
                "color": "#a5300f",
                "value": null
              }
            ]
          },
          "unit": "percent"
        },
        "overrides": []
      },
      "gridPos": {
        "h": 6,
        "w": 4,
        "x": 16,
        "y": 10
      },
      "id": 66,
      "libraryPanel": {
        "description": "",
        "meta": {
          "connectedDashboards": 2,
          "created": "2021-12-29T13:17:13Z",
          "createdBy": {
            "avatarUrl": "/grafana/avatar/46d229b033af06a191ff2267bca9ae56",
            "id": 1,
            "name": "admin"
          },
          "folderName": "General",
          "folderUid": "",
          "updated": "2021-12-29T13:24:52Z",
          "updatedBy": {
            "avatarUrl": "/grafana/avatar/46d229b033af06a191ff2267bca9ae56",
            "id": 1,
            "name": "admin"
          }
        },
        "name": "Compliance",
        "type": "stat",
        "uid": "MGZYjnA7k",
        "version": 2
      },
      "options": {
        "colorMode": "background",
        "graphMode": "area",
        "justifyMode": "auto",
        "orientation": "auto",
        "reduceOptions": {
          "calcs": [
            "lastNotNull"
          ],
          "fields": "",
          "values": false
        },
        "text": {},
        "textMode": "auto"
      },
      "pluginVersion": "8.3.1",
      "targets": [
        {
          "datasource": {
            "type": "postgres",
            "uid": "loQlbs27k"
          },
          "format": "table",
          "group": [],
          "metricColumn": "none",
          "rawQuery": true,
          "rawSql": "with compliant_all as (\r\n select count(*) cnt from inventory i inner join all_endpoint a on i.hostname = a.hostname where i.ci_status like any (array['Live', 'Buffer', 'Repair', 'Spare']) and business_unit in ($bu) and i.inventory_location in ($location)\r\n)\r\nselect ( select cnt from compliant_all)*100/count(*)::decimal(16,3) from inventory i where i.ci_status like any (array['Live', 'Buffer', 'Repair', 'Spare']) and business_unit in ($bu) and i.inventory_location in ($location)",
          "refId": "A",
          "select": [
            [
              {
                "params": [
                  "value"
                ],
                "type": "column"
              }
            ]
          ],
          "timeColumn": "time",
          "where": [
            {
              "name": "$__timeFilter",
              "params": [],
              "type": "macro"
            }
          ]
        }
      ],
      "title": "Compliance",
      "type": "stat"
    },
    {
      "description": "",
      "fieldConfig": {
        "defaults": {
          "color": {
            "mode": "thresholds"
          },
          "mappings": [],
          "thresholds": {
            "mode": "absolute",
            "steps": [
              {
                "color": "#a5300f",
                "value": null
              }
            ]
          },
          "unit": "percent"
        },
        "overrides": []
      },
      "gridPos": {
        "h": 6,
        "w": 4,
        "x": 20,
        "y": 10
      },
      "id": 67,
      "libraryPanel": {
        "description": "",
        "meta": {
          "connectedDashboards": 2,
          "created": "2021-12-29T13:17:17Z",
          "createdBy": {
            "avatarUrl": "/grafana/avatar/46d229b033af06a191ff2267bca9ae56",
            "id": 1,
            "name": "admin"
          },
          "folderName": "General",
          "folderUid": "",
          "updated": "2021-12-29T13:17:17Z",
          "updatedBy": {
            "avatarUrl": "/grafana/avatar/46d229b033af06a191ff2267bca9ae56",
            "id": 1,
            "name": "admin"
          }
        },
        "name": "Non-Compliance",
        "type": "stat",
        "uid": "YzILCnAnz",
        "version": 1
      },
      "options": {
        "colorMode": "background",
        "graphMode": "area",
        "justifyMode": "auto",
        "orientation": "auto",
        "reduceOptions": {
          "calcs": [
            "lastNotNull"
          ],
          "fields": "",
          "values": false
        },
        "text": {},
        "textMode": "auto"
      },
      "pluginVersion": "8.3.1",
      "targets": [
        {
          "datasource": {
            "type": "postgres",
            "uid": "loQlbs27k"
          },
          "format": "table",
          "group": [],
          "metricColumn": "none",
          "rawQuery": true,
          "rawSql": "with compliant_all as (\r\n select count(*) cnt from inventory i inner join all_endpoint a on i.hostname = a.hostname where i.ci_status like any (array['Live', 'Buffer', 'Repair', 'Spare']) and business_unit in ($bu) and i.inventory_location in ($location)\r\n)\r\nselect 100 - ( select cnt from compliant_all)*100/count(*)::decimal(16,3) from inventory i where i.ci_status like any (array['Live', 'Buffer', 'Repair', 'Spare']) and business_unit in ($bu) and i.inventory_location in ($location)",
          "refId": "A",
          "select": [
            [
              {
                "params": [
                  "value"
                ],
                "type": "column"
              }
            ]
          ],
          "timeColumn": "time",
          "where": [
            {
              "name": "$__timeFilter",
              "params": [],
              "type": "macro"
            }
          ]
        }
      ],
      "title": "Non-Compliance",
      "type": "stat"
    },
    {
      "fieldConfig": {
        "defaults": {
          "color": {
            "mode": "thresholds"
          },
          "custom": {
            "align": "center",
            "displayMode": "auto",
            "filterable": false
          },
          "mappings": [],
          "thresholds": {
            "mode": "absolute",
            "steps": [
              {
                "color": "green",
                "value": null
              }
            ]
          }
        },
        "overrides": []
      },
      "gridPos": {
        "h": 8,
        "w": 7,
        "x": 0,
        "y": 16
      },
      "id": 75,
      "options": {
        "footer": {
          "fields": "",
          "reducer": [
            "sum"
          ],
          "show": false
        },
        "showHeader": true,
        "sortBy": [
          {
            "desc": false,
            "displayName": "PScore"
          }
        ]
      },
      "pluginVersion": "8.3.1",
      "targets": [
        {
          "datasource": {
            "type": "postgres",
            "uid": "loQlbs27k"
          },
          "format": "table",
          "group": [],
          "metricColumn": "none",
          "rawQuery": true,
          "rawSql": "with p1 as (SELECT\n\tcount(i.*) as count\nFROM\n\tinventory i\nWHERE\ninventory_location in ($location) and business_unit in ($bu)\nand ci_status like any (array['Live','Buffer','Repair','Spare']) and\n\tNOT EXISTS (\n\t\tSELECT\n\t\t\t1\n\t\tFROM\n\t\t\tdlp d\n\t\tWHERE\n\t\t\ti.hostname = d.hostname)\n\tAND\t\t\n\tNOT EXISTS (\n\t\tSELECT\n\t\t\t1\n\t\tFROM\n\t\t\tfalcon d\n\t\tWHERE\n\t\t\ti.hostname = d.hostname)\n\tAND\n\tNOT EXISTS (\n\t\tSELECT\n\t\t\t1\n\t\tFROM\n\t\t\tmcafee d\n\t\tWHERE\n\t\t\ti.hostname = d.hostname)\n\tAND\n\tNOT EXISTS (\n\t\tSELECT\n\t\t\t1\n\t\tFROM\n\t\t\tnac d\n\t\tWHERE\n\t\t\ti.hostname = d.hostname)\n\tAND\n\tNOT EXISTS (\n\t\tSELECT\n\t\t\t1\n\t\tFROM\n\t\t\tbitlocker d\n\t\tWHERE\n\t\t\ti.hostname = d.hostname)\n\tAND\n\tNOT EXISTS (\n\t\tSELECT\n\t\t\t1\n\t\tFROM\n\t\t\tworkspace_one d\n\t\tWHERE\n\t\t\ti.hostname = d.hostname)),\np2 as (SELECT\n\tcount(i.*) as count\nFROM\n\tinventory i\nWHERE\ninventory_location in ($location) and business_unit in ($bu)\nand ci_status like any (array['Live','Buffer','Repair','Spare']) and\n\tNOT EXISTS (\n\t\tSELECT\n\t\t\t1\n\t\tFROM\n\t\t\tfalcon d\n\t\tWHERE\n\t\t\ti.hostname = d.hostname)\n\tAND\t\t\n\tNOT EXISTS (\n\t\tSELECT\n\t\t\t1\n\t\tFROM\n\t\t\tdlp d\n\t\tWHERE\n\t\t\ti.hostname = d.hostname)\n\tAND\n\t(EXISTS (\n\t\tSELECT\n\t\t\t1\n\t\tFROM\n\t\t\tmcafee d\n\t\tWHERE\n\t\t\ti.hostname = d.hostname)\n\t OR\n\t EXISTS (\n\t\tSELECT\n\t\t\t1\n\t\tFROM\n\t\t\tbitlocker d\n\t\tWHERE\n\t\t\ti.hostname = d.hostname)\n\t OR\n\t EXISTS (\n\t\tSELECT\n\t\t\t1\n\t\tFROM\n\t\t\tnac d\n\t\tWHERE\n\t\t\ti.hostname = d.hostname)\n\t )),\np3 as (SELECT\n\tcount(i.*) as count\nFROM\n\tinventory i\nWHERE\ninventory_location in ($location) and business_unit in ($bu)\nand ci_status like any (array['Live','Buffer','Repair','Spare']) and\n\tNOT EXISTS (\n\t\tSELECT\n\t\t\t1\n\t\tFROM\n\t\t\tdlp d\n\t\tWHERE\n\t\t\ti.hostname = d.hostname)\n\tAND\t(\t\n\t EXISTS (\n\t\tSELECT\n\t\t\t1\n\t\tFROM\n\t\t\tfalcon d\n\t\tWHERE\n\t\t\ti.hostname = d.hostname)\n\tOR\n\t EXISTS (\n\t\tSELECT\n\t\t\t1\n\t\tFROM\n\t\t\tmcafee d\n\t\tWHERE\n\t\t\ti.hostname = d.hostname)\n\tOR\n\t EXISTS (\n\t\tSELECT\n\t\t\t1\n\t\tFROM\n\t\t\tnac d\n\t\tWHERE\n\t\t\ti.hostname = d.hostname)\n\tOR\n\t EXISTS (\n\t\tSELECT\n\t\t\t1\n\t\tFROM\n\t\t\tbitlocker d\n\t\tWHERE\n\t\t\ti.hostname = d.hostname)\n\tOR\n\t EXISTS (\n\t\tSELECT\n\t\t\t1\n\t\tFROM\n\t\t\tworkspace_one d\n\t\tWHERE\n\t\t\ti.hostname = d.hostname)\n\t)),\ntotal as (\nSelect count(*) as count from inventory where inventory_location in ($location) and business_unit in ($bu)\nand ci_status like any (array['Live','Buffer','Repair','Spare'])\n)\nSelect 'P1' as \"PScore\", p1.count as \"Count\" from p1\nUnion\nSelect 'P2' as \"PScore\", p2.count as \"Count\" from p2\nUnion\nSelect 'P3' as \"PScore\", p3.count as \"Count\" from p3\nUnion\nSelect 'P4' as \"PScore\",total.count - (Select p1.count from p1)-(Select p2.count from p2)-(Select p3.count from p3) from total\nUnion\nSelect 'Total' as \"PScore\", total.count as \"Count\" from total",
          "refId": "A",
          "select": [
            [
              {
                "params": [
                  "value"
                ],
                "type": "column"
              }
            ]
          ],
          "timeColumn": "time",
          "where": [
            {
              "name": "$__timeFilter",
              "params": [],
              "type": "macro"
            }
          ]
        }
      ],
      "type": "table"
    },
    {
      "fieldConfig": {
        "defaults": {
          "color": {
            "mode": "thresholds"
          },
          "mappings": [],
          "thresholds": {
            "mode": "absolute",
            "steps": [
              {
                "color": "green",
                "value": null
              },
              {
                "color": "red",
                "value": 80
              }
            ]
          }
        },
        "overrides": []
      },
      "gridPos": {
        "h": 8,
        "w": 5,
        "x": 7,
        "y": 16
      },
      "id": 83,
      "options": {
        "SVGBaseFix": true,
        "add100Percentage": false,
        "calcsMutation": "custom",
        "centerAlignContent": false,
        "codeData": "{\n  \"text\": \"Random text\"\n}",
        "css": "* {\n  font-family: Open Sans;\n}\n\n.box {\n  border: solid #555 2px;\n  border-radius: 10px;\n  padding: 10px 20px;\n}\n",
        "dynamicData": false,
        "dynamicFieldDisplayValues": false,
        "dynamicHtmlGraphics": false,
        "dynamicProps": false,
        "html": "<div style=\"padding:10px\">\n\n<strong>P1</strong> - No Domain (AND/OR) No Encryption; requires user to come to office.<br><br>\n<strong>P2</strong> - No SCCM (AND/OR) No BigFix (AND/OR) No S1 (AND/OR) No Proxy<br><br>\n<strong>P3</strong> - No DLP<br><br>\n<strong>P4</strong> - Software compliants to all P1-P3 software applications<br><br>\n\n</div>\n",
        "onInit": "// Sets the text from customProperties\nconst htmlgraphicsText = htmlNode.getElementById('htmlgraphics-text');\n\nif (htmlgraphicsText) {\n  htmlgraphicsText.textContent = customProperties.text;\n\n  // Change the text color based on the theme\n  if (theme.isDark) {\n    htmlgraphicsText.style.color = 'green';\n  } else {\n    htmlgraphicsText.style.color = 'red';\n  }\n}\n",
        "onInitOnResize": false,
        "onRender": "// Sets the value from the first series on every refresh\nconst htmlgraphicsValue = htmlNode.getElementById('htmlgraphics-value');\n\nif (htmlgraphicsValue) {\n  const valueField = data.series[0]?.fields[1];\n  if (valueField) {\n    const length = valueField.values.length;\n    htmlgraphicsValue.textContent = valueField.values.get(length - 1);\n  } else {\n    htmlgraphicsValue.textContent = \"No data\"\n  }\n}\n",
        "overflow": "visible",
        "panelupdateOnMount": true,
        "reduceOptions": {
          "calcs": [
            "last"
          ]
        },
        "renderOnMount": true,
        "rootCSS": ""
      },
      "pluginVersion": "8.3.1",
      "title": "Note",
      "type": "gapit-htmlgraphics-panel"
    }
  ],
  "refresh": false,
  "schemaVersion": 33,
  "style": "dark",
  "tags": [],
  "templating": {
    "list": [
      {
        "current": {
          "selected": true,
          "text": [
            "All"
          ],
          "value": [
            "$__all"
          ]
        },
        "definition": "Select inventory_location from inventory",
        "hide": 0,
        "includeAll": true,
        "label": "Location",
        "multi": true,
        "name": "location",
        "options": [],
        "query": "Select inventory_location from inventory",
        "refresh": 1,
        "regex": "",
        "skipUrlSync": false,
        "sort": 1,
        "type": "query"
      },
      {
        "current": {
          "selected": true,
          "text": [
            "All"
          ],
          "value": [
            "$__all"
          ]
        },
        "definition": "Select business_unit from inventory",
        "hide": 0,
        "includeAll": true,
        "label": "Business Unit",
        "multi": true,
        "name": "bu",
        "options": [],
        "query": "Select business_unit from inventory",
        "refresh": 1,
        "regex": "",
        "skipUrlSync": false,
        "sort": 1,
        "type": "query"
      }
    ]
  },
  "time": {
    "from": "now-6M",
    "to": "now"
  },
  "timepicker": {
    "refresh_intervals": [
      "5s",
      "10s",
      "30s",
      "1m",
      "5m",
      "15m",
      "30m",
      "1h",
      "2h",
      "1d"
    ]
  },
  "timezone": "",
  "title": "Endpoint Compliance - P Score",
  "uid": "oeQgqnA7k",
  "version": 23,
  "weekStart": ""
}