{
  "annotations": {
    "list": [
      {
        "builtIn": 1,
        "datasource": "-- Grafana --",
        "enable": true,
        "hide": true,
        "iconColor": "rgba(0, 211, 255, 1)",
        "name": "Annotations & Alerts",
        "target": {
          "limit": 100,
          "matchAny": false,
          "tags": [],
          "type": "dashboard"
        },
        "type": "dashboard"
      }
    ]
  },
  "editable": true,
  "fiscalYearStartMonth": 0,
  "graphTooltip": 0,
  "id": 10,
  "iteration": 1644592238538,
  "links": [
    {
      "asDropdown": false,
      "icon": "dashboard",
      "includeVars": true,
      "keepTime": true,
      "tags": [],
      "targetBlank": false,
      "title": "Compliance Trend",
      "tooltip": "Open Compliance Trend",
      "type": "link",
      "url": "https://demo.cybervisible.in/grafana/d/Yq_DrLTnk/endpoint-compliance-trend?orgId=1"
    },
    {
      "asDropdown": false,
      "icon": "dashboard",
      "includeVars": true,
      "keepTime": true,
      "tags": [],
      "targetBlank": false,
      "title": "Compliance P Score",
      "tooltip": "Open Compliance P Score",
      "type": "link",
      "url": "https://demo.cybervisible.in/grafana/d/oeQgqnA7k/endpoint-compliance-p-score?orgId=1"
    },
    {
      "asDropdown": false,
      "icon": "dashboard",
      "includeVars": false,
      "keepTime": true,
      "tags": [],
      "targetBlank": false,
      "title": "Clear filters",
      "tooltip": "",
      "type": "link",
      "url": "https://demo.cybervisible.in/grafana/d/zS02I7Ank/endpoint-compliance-1?orgId=1"
    }
  ],
  "liveNow": false,
  "panels": [
    {
      "collapsed": false,
      "gridPos": {
        "h": 1,
        "w": 24,
        "x": 0,
        "y": 0
      },
      "id": 65,
      "panels": [],
      "title": "General",
      "type": "row"
    },
    {
      "fieldConfig": {
        "defaults": {
          "color": {
            "mode": "thresholds"
          },
          "links": [
            {
              "title": "compliance dashboard",
              "url": "https://demo.cybervisible.in/grafana/d/zS02I7Ank/endpoint-compliance-1?orgId=1&var-ep=falcon"
            }
          ],
          "mappings": [],
          "max": 100,
          "min": 0,
          "thresholds": {
            "mode": "percentage",
            "steps": [
              {
                "color": "#cd8a20",
                "value": null
              },
              {
                "color": "light-green",
                "value": 98
              }
            ]
          },
          "unit": "percent"
        },
        "overrides": []
      },
      "gridPos": {
        "h": 6,
        "w": 4,
        "x": 0,
        "y": 1
      },
      "id": 61,
      "options": {
        "colorMode": "background",
        "graphMode": "area",
        "justifyMode": "auto",
        "orientation": "auto",
        "reduceOptions": {
          "calcs": [
            "lastNotNull"
          ],
          "fields": "",
          "values": false
        },
        "text": {},
        "textMode": "auto"
      },
      "pluginVersion": "8.3.1",
      "targets": [
        {
          "datasource": {
            "type": "postgres",
            "uid": "loQlbs27k"
          },
          "format": "table",
          "group": [],
          "metricColumn": "none",
          "rawQuery": true,
          "rawSql": "select (((Select count(*) from falcon as f inner join inventory i ON i.hostname=f.hostname \nwhere $__timeFilter(i.updated) and i.inventory_location IN ($location) and i.business_unit in ($bu))::decimal(16,3)/(count(*)+1))*100) as \"Falcon\" \nfrom inventory where $__timeFilter(updated) and inventory_location IN ($location) and business_unit in ($bu)",
          "refId": "A",
          "select": [
            [
              {
                "params": [
                  "value"
                ],
                "type": "column"
              }
            ]
          ],
          "timeColumn": "time",
          "where": [
            {
              "name": "$__timeFilter",
              "params": [],
              "type": "macro"
            }
          ]
        }
      ],
      "title": "S1",
      "type": "stat"
    },
    {
      "fieldConfig": {
        "defaults": {
          "color": {
            "mode": "thresholds"
          },
          "links": [
            {
              "title": "compliance dashboard",
              "url": "https://demo.cybervisible.in/grafana/d/zS02I7Ank/endpoint-compliance-1?orgId=1&var-ep=dlp"
            }
          ],
          "mappings": [],
          "max": 100,
          "min": 0,
          "thresholds": {
            "mode": "percentage",
            "steps": [
              {
                "color": "#cd8a20",
                "value": null
              },
              {
                "color": "light-green",
                "value": 98
              }
            ]
          },
          "unit": "percent"
        },
        "overrides": []
      },
      "gridPos": {
        "h": 6,
        "w": 4,
        "x": 4,
        "y": 1
      },
      "id": 57,
      "options": {
        "colorMode": "background",
        "graphMode": "area",
        "justifyMode": "auto",
        "orientation": "auto",
        "reduceOptions": {
          "calcs": [
            "lastNotNull"
          ],
          "fields": "",
          "values": false
        },
        "textMode": "auto"
      },
      "pluginVersion": "8.3.1",
      "targets": [
        {
          "datasource": {
            "type": "postgres",
            "uid": "loQlbs27k"
          },
          "format": "table",
          "group": [],
          "metricColumn": "none",
          "rawQuery": true,
          "rawSql": "select (((Select count(*) from dlp d inner join inventory i On i.hostname=d.hostname where $__timeFilter(i.updated) and i.inventory_location IN ($location) and i.business_unit in ($bu))::decimal(16,3)/(count(*)+1))*100) as \"DLP\" from inventory where $__timeFilter(updated)  and inventory_location IN ($location) and business_unit in ($bu)",
          "refId": "A",
          "select": [
            [
              {
                "params": [
                  "value"
                ],
                "type": "column"
              }
            ]
          ],
          "timeColumn": "time",
          "where": [
            {
              "name": "$__timeFilter",
              "params": [],
              "type": "macro"
            }
          ]
        }
      ],
      "title": "DLP",
      "type": "stat"
    },
    {
      "fieldConfig": {
        "defaults": {
          "color": {
            "mode": "thresholds"
          },
          "links": [
            {
              "title": "compliance dashboard",
              "url": "https://demo.cybervisible.in/grafana/d/zS02I7Ank/endpoint-compliance-1?orgId=1&var-ep=nac"
            }
          ],
          "mappings": [],
          "max": 100,
          "min": 0,
          "thresholds": {
            "mode": "percentage",
            "steps": [
              {
                "color": "#cd8a20",
                "value": null
              },
              {
                "color": "light-green",
                "value": 98
              }
            ]
          },
          "unit": "percent"
        },
        "overrides": []
      },
      "gridPos": {
        "h": 6,
        "w": 4,
        "x": 8,
        "y": 1
      },
      "id": 55,
      "options": {
        "colorMode": "background",
        "graphMode": "area",
        "justifyMode": "auto",
        "orientation": "auto",
        "reduceOptions": {
          "calcs": [
            "lastNotNull"
          ],
          "fields": "",
          "values": false
        },
        "textMode": "auto"
      },
      "pluginVersion": "8.3.1",
      "targets": [
        {
          "datasource": {
            "type": "postgres",
            "uid": "loQlbs27k"
          },
          "format": "table",
          "group": [],
          "metricColumn": "none",
          "rawQuery": true,
          "rawSql": "select (((Select count(*) from nac n inner join inventory i ON i.hostname=n.hostname where $__timeFilter(i.updated) and i.inventory_location IN ($location) and i.business_unit in ($bu))::decimal(16,3)/(count(*)+1))*100) as \"NAC\" from inventory where $__timeFilter(updated) and inventory_location IN ($location) and business_unit in ($bu)",
          "refId": "A",
          "select": [
            [
              {
                "params": [
                  "value"
                ],
                "type": "column"
              }
            ]
          ],
          "timeColumn": "time",
          "where": [
            {
              "name": "$__timeFilter",
              "params": [],
              "type": "macro"
            }
          ]
        }
      ],
      "title": "NAC",
      "type": "stat"
    },
    {
      "fieldConfig": {
        "defaults": {
          "color": {
            "mode": "thresholds"
          },
          "links": [
            {
              "title": "compliance dashboard",
              "url": "https://demo.cybervisible.in/grafana/d/zS02I7Ank/endpoint-compliance-1?orgId=1&var-ep=workspace_one"
            }
          ],
          "mappings": [],
          "max": 100,
          "min": 0,
          "thresholds": {
            "mode": "percentage",
            "steps": [
              {
                "color": "#cd8a20",
                "value": null
              },
              {
                "color": "light-green",
                "value": 98
              }
            ]
          },
          "unit": "percent"
        },
        "overrides": []
      },
      "gridPos": {
        "h": 6,
        "w": 4,
        "x": 12,
        "y": 1
      },
      "id": 59,
      "options": {
        "colorMode": "background",
        "graphMode": "area",
        "justifyMode": "auto",
        "orientation": "auto",
        "reduceOptions": {
          "calcs": [
            "lastNotNull"
          ],
          "fields": "",
          "values": false
        },
        "textMode": "auto"
      },
      "pluginVersion": "8.3.1",
      "targets": [
        {
          "datasource": {
            "type": "postgres",
            "uid": "loQlbs27k"
          },
          "format": "table",
          "group": [],
          "metricColumn": "none",
          "rawQuery": true,
          "rawSql": "select (((Select count(*) from workspace_one w inner join inventory i ON i.hostname=w.hostname where $__timeFilter(i.updated) and i.inventory_location IN ($location) and i.business_unit in ($bu))::decimal(16,3)/(count(*)+1))*100) as \"Workspace One\" from inventory where $__timeFilter(updated) and inventory_location IN ($location) and business_unit in ($bu)",
          "refId": "A",
          "select": [
            [
              {
                "params": [
                  "value"
                ],
                "type": "column"
              }
            ]
          ],
          "timeColumn": "time",
          "where": [
            {
              "name": "$__timeFilter",
              "params": [],
              "type": "macro"
            }
          ]
        }
      ],
      "title": "MDM",
      "type": "stat"
    },
    {
      "fieldConfig": {
        "defaults": {
          "color": {
            "mode": "thresholds"
          },
          "links": [
            {
              "title": "compliance dashboard",
              "url": "https://demo.cybervisible.in/grafana/d/zS02I7Ank/endpoint-compliance-1?orgId=1&var-ep=bitlocker"
            }
          ],
          "mappings": [],
          "max": 100,
          "min": 0,
          "thresholds": {
            "mode": "percentage",
            "steps": [
              {
                "color": "#cd8a20",
                "value": null
              },
              {
                "color": "light-green",
                "value": 98
              }
            ]
          },
          "unit": "percent"
        },
        "overrides": []
      },
      "gridPos": {
        "h": 6,
        "w": 4,
        "x": 16,
        "y": 1
      },
      "id": 63,
      "options": {
        "colorMode": "background",
        "graphMode": "area",
        "justifyMode": "auto",
        "orientation": "auto",
        "reduceOptions": {
          "calcs": [
            "lastNotNull"
          ],
          "fields": "",
          "values": false
        },
        "textMode": "auto"
      },
      "pluginVersion": "8.3.1",
      "targets": [
        {
          "datasource": {
            "type": "postgres",
            "uid": "loQlbs27k"
          },
          "format": "table",
          "group": [],
          "metricColumn": "none",
          "rawQuery": true,
          "rawSql": "select (((Select count(b.*) from bitlocker as b inner join inventory i ON i.hostname=b.hostname where $__timeFilter(i.updated) and b.is_compliant='Compliant' and i.inventory_location IN ($location) and business_unit in ($bu))::decimal(16,3)/(count(*)+1))*100) as \"Bitlocker\" from inventory where $__timeFilter(updated) and inventory_location IN ($location) and business_unit in ($bu)",
          "refId": "A",
          "select": [
            [
              {
                "params": [
                  "value"
                ],
                "type": "column"
              }
            ]
          ],
          "timeColumn": "time",
          "where": [
            {
              "name": "$__timeFilter",
              "params": [],
              "type": "macro"
            }
          ]
        }
      ],
      "title": "Encryption",
      "type": "stat"
    },
    {
      "fieldConfig": {
        "defaults": {
          "color": {
            "mode": "thresholds"
          },
          "links": [
            {
              "title": "compliance dashboard",
              "url": "https://demo.cybervisible.in/grafana/d/zS02I7Ank/endpoint-compliance-1?orgId=1&var-ep=mcafee"
            }
          ],
          "mappings": [],
          "max": 100,
          "min": 0,
          "thresholds": {
            "mode": "percentage",
            "steps": [
              {
                "color": "#cd8a20",
                "value": null
              },
              {
                "color": "light-green",
                "value": 98
              }
            ]
          },
          "unit": "percent"
        },
        "overrides": []
      },
      "gridPos": {
        "h": 6,
        "w": 4,
        "x": 20,
        "y": 1
      },
      "id": 62,
      "options": {
        "colorMode": "background",
        "graphMode": "area",
        "justifyMode": "auto",
        "orientation": "auto",
        "reduceOptions": {
          "calcs": [
            "lastNotNull"
          ],
          "fields": "",
          "values": false
        },
        "textMode": "auto"
      },
      "pluginVersion": "8.3.1",
      "targets": [
        {
          "datasource": {
            "type": "postgres",
            "uid": "loQlbs27k"
          },
          "format": "table",
          "group": [],
          "metricColumn": "none",
          "rawQuery": true,
          "rawSql": "select (((Select count(m.*) from mcafee m inner join inventory i on i.hostname=m.hostname and m.state='Active' where $__timeFilter(i.updated) and i.inventory_location IN ($location) and business_unit in ($bu))::decimal(16,3)/(count(*)+1))*100) as \"McAfee\" from inventory where $__timeFilter(updated) and inventory_location IN ($location) and business_unit in ($bu)",
          "refId": "A",
          "select": [
            [
              {
                "params": [
                  "value"
                ],
                "type": "column"
              }
            ]
          ],
          "timeColumn": "time",
          "where": [
            {
              "name": "$__timeFilter",
              "params": [],
              "type": "macro"
            }
          ]
        }
      ],
      "title": "DRM",
      "type": "stat"
    },
    {
      "collapsed": false,
      "gridPos": {
        "h": 1,
        "w": 24,
        "x": 0,
        "y": 7
      },
      "id": 73,
      "panels": [],
      "title": "${ep:raw}",
      "type": "row"
    },
    {
      "description": "",
      "fieldConfig": {
        "defaults": {
          "color": {
            "fixedColor": "#6dab65",
            "mode": "fixed"
          },
          "mappings": [],
          "thresholds": {
            "mode": "absolute",
            "steps": [
              {
                "color": "#a8e087",
                "value": null
              }
            ]
          }
        },
        "overrides": []
      },
      "gridPos": {
        "h": 5,
        "w": 4,
        "x": 4,
        "y": 8
      },
      "id": 68,
      "libraryPanel": {
        "description": "",
        "meta": {
          "connectedDashboards": 1,
          "created": "2021-12-29T07:21:28Z",
          "createdBy": {
            "avatarUrl": "/grafana/avatar/46d229b033af06a191ff2267bca9ae56",
            "id": 1,
            "name": "admin"
          },
          "folderName": "General",
          "folderUid": "",
          "updated": "2021-12-29T12:28:34Z",
          "updatedBy": {
            "avatarUrl": "/grafana/avatar/46d229b033af06a191ff2267bca9ae56",
            "id": 1,
            "name": "admin"
          }
        },
        "name": "Total Endpoints",
        "type": "stat",
        "uid": "QOEvvnAnk",
        "version": 10
      },
      "options": {
        "colorMode": "background",
        "graphMode": "none",
        "justifyMode": "center",
        "orientation": "auto",
        "reduceOptions": {
          "calcs": [
            "lastNotNull"
          ],
          "fields": "",
          "values": false
        },
        "textMode": "auto"
      },
      "pluginVersion": "8.3.1",
      "targets": [
        {
          "datasource": {
            "type": "postgres",
            "uid": "loQlbs27k"
          },
          "format": "table",
          "group": [],
          "metricColumn": "none",
          "rawQuery": true,
          "rawSql": "select count(*) as \"Total Endpoints\" from inventory where business_unit in ($bu) and inventory_location in ($location) ;\n",
          "refId": "A",
          "select": [
            [
              {
                "params": [
                  "value"
                ],
                "type": "column"
              }
            ]
          ],
          "timeColumn": "time",
          "where": [
            {
              "name": "$__timeFilter",
              "params": [],
              "type": "macro"
            }
          ]
        }
      ],
      "title": "Total",
      "type": "stat"
    },
    {
      "fieldConfig": {
        "defaults": {
          "color": {
            "mode": "thresholds"
          },
          "mappings": [],
          "thresholds": {
            "mode": "absolute",
            "steps": [
              {
                "color": "#6dab65",
                "value": null
              }
            ]
          }
        },
        "overrides": []
      },
      "gridPos": {
        "h": 5,
        "w": 4,
        "x": 8,
        "y": 8
      },
      "id": 77,
      "options": {
        "colorMode": "background",
        "graphMode": "area",
        "justifyMode": "center",
        "orientation": "vertical",
        "reduceOptions": {
          "calcs": [
            "lastNotNull"
          ],
          "fields": "",
          "values": false
        },
        "textMode": "auto"
      },
      "pluginVersion": "8.3.1",
      "targets": [
        {
          "datasource": {
            "type": "postgres",
            "uid": "loQlbs27k"
          },
          "format": "table",
          "group": [],
          "metricColumn": "none",
          "rawQuery": true,
          "rawSql": "select count(*) as \"Applicable\" from inventory where ci_status like any (array['Live', 'Buffer', 'Repair', 'Spare']) and business_unit in ($bu) and inventory_location in ($location);",
          "refId": "A",
          "select": [
            [
              {
                "params": [
                  "value"
                ],
                "type": "column"
              }
            ]
          ],
          "timeColumn": "time",
          "where": [
            {
              "name": "$__timeFilter",
              "params": [],
              "type": "macro"
            }
          ]
        }
      ],
      "title": "Applicable",
      "type": "stat"
    },
    {
      "description": "",
      "fieldConfig": {
        "defaults": {
          "color": {
            "fixedColor": "#6dab65",
            "mode": "fixed"
          },
          "mappings": [],
          "thresholds": {
            "mode": "absolute",
            "steps": [
              {
                "color": "#6dab65",
                "value": null
              }
            ]
          }
        },
        "overrides": []
      },
      "gridPos": {
        "h": 5,
        "w": 4,
        "x": 12,
        "y": 8
      },
      "id": 67,
      "libraryPanel": {
        "description": "",
        "meta": {
          "connectedDashboards": 1,
          "created": "2021-12-29T07:21:19Z",
          "createdBy": {
            "avatarUrl": "/grafana/avatar/46d229b033af06a191ff2267bca9ae56",
            "id": 1,
            "name": "admin"
          },
          "folderName": "General",
          "folderUid": "",
          "updated": "2021-12-29T12:29:22Z",
          "updatedBy": {
            "avatarUrl": "/grafana/avatar/46d229b033af06a191ff2267bca9ae56",
            "id": 1,
            "name": "admin"
          }
        },
        "name": "Non Applicable",
        "type": "stat",
        "uid": "8R2DDn0nk",
        "version": 7
      },
      "options": {
        "colorMode": "background",
        "graphMode": "area",
        "justifyMode": "center",
        "orientation": "horizontal",
        "reduceOptions": {
          "calcs": [
            "lastNotNull"
          ],
          "fields": "",
          "values": false
        },
        "textMode": "auto"
      },
      "pluginVersion": "8.3.1",
      "targets": [
        {
          "datasource": {
            "type": "postgres",
            "uid": "loQlbs27k"
          },
          "format": "table",
          "group": [],
          "metricColumn": "none",
          "rawQuery": true,
          "rawSql": "select count(*) - (select count(*)  from inventory where ci_status like any (array['Live', 'Buffer', 'Repair', 'Spare']) and business_unit in ($bu) and inventory_location in ($location)) \"Non-Applicable\"\n from inventory where business_unit in ($bu) and inventory_location in ($location);\n",
          "refId": "A",
          "select": [
            [
              {
                "params": [
                  "value"
                ],
                "type": "column"
              }
            ]
          ],
          "timeColumn": "time",
          "where": [
            {
              "name": "$__timeFilter",
              "params": [],
              "type": "macro"
            }
          ]
        }
      ],
      "title": "Non- Applicable",
      "type": "stat"
    },
    {
      "description": "",
      "fieldConfig": {
        "defaults": {
          "color": {
            "mode": "thresholds"
          },
          "mappings": [],
          "thresholds": {
            "mode": "absolute",
            "steps": [
              {
                "color": "#6dab65",
                "value": null
              }
            ]
          }
        },
        "overrides": []
      },
      "gridPos": {
        "h": 5,
        "w": 4,
        "x": 16,
        "y": 8
      },
      "id": 75,
      "libraryPanel": {
        "description": "",
        "meta": {
          "connectedDashboards": 1,
          "created": "2021-12-29T07:22:18Z",
          "createdBy": {
            "avatarUrl": "/grafana/avatar/46d229b033af06a191ff2267bca9ae56",
            "id": 1,
            "name": "admin"
          },
          "folderName": "General",
          "folderUid": "",
          "updated": "2021-12-29T12:30:08Z",
          "updatedBy": {
            "avatarUrl": "/grafana/avatar/46d229b033af06a191ff2267bca9ae56",
            "id": 1,
            "name": "admin"
          }
        },
        "name": "Compliant",
        "type": "stat",
        "uid": "yoSKD70nk",
        "version": 32
      },
      "options": {
        "colorMode": "background",
        "graphMode": "area",
        "justifyMode": "auto",
        "orientation": "auto",
        "reduceOptions": {
          "calcs": [
            "lastNotNull"
          ],
          "fields": "",
          "values": false
        },
        "textMode": "auto"
      },
      "pluginVersion": "8.3.1",
      "targets": [
        {
          "datasource": {
            "type": "postgres",
            "uid": "loQlbs27k"
          },
          "format": "table",
          "group": [],
          "metricColumn": "none",
          "rawQuery": true,
          "rawSql": "select count(*) as \"Compliant\" from ${ep:raw} f inner join inventory i on f.hostname = i.hostname where i.ci_status like any (array['Live', 'Buffer', 'Repair', 'Spare']) and business_unit in ($bu) and i.inventory_location in ($location)",
          "refId": "A",
          "select": [
            [
              {
                "params": [
                  "value"
                ],
                "type": "column"
              }
            ]
          ],
          "timeColumn": "time",
          "where": [
            {
              "name": "$__timeFilter",
              "params": [],
              "type": "macro"
            }
          ]
        }
      ],
      "title": "Compliant",
      "type": "stat"
    },
    {
      "description": "",
      "fieldConfig": {
        "defaults": {
          "color": {
            "mode": "thresholds"
          },
          "mappings": [],
          "thresholds": {
            "mode": "absolute",
            "steps": [
              {
                "color": "#6dab65",
                "value": null
              }
            ]
          }
        },
        "overrides": []
      },
      "gridPos": {
        "h": 5,
        "w": 4,
        "x": 20,
        "y": 8
      },
      "id": 71,
      "libraryPanel": {
        "description": "",
        "meta": {
          "connectedDashboards": 1,
          "created": "2021-12-29T07:22:24Z",
          "createdBy": {
            "avatarUrl": "/grafana/avatar/46d229b033af06a191ff2267bca9ae56",
            "id": 1,
            "name": "admin"
          },
          "folderName": "General",
          "folderUid": "",
          "updated": "2021-12-29T12:30:32Z",
          "updatedBy": {
            "avatarUrl": "/grafana/avatar/46d229b033af06a191ff2267bca9ae56",
            "id": 1,
            "name": "admin"
          }
        },
        "name": "Non-Compliant",
        "type": "stat",
        "uid": "M7tFv7A7z",
        "version": 8
      },
      "options": {
        "colorMode": "background",
        "graphMode": "area",
        "justifyMode": "auto",
        "orientation": "auto",
        "reduceOptions": {
          "calcs": [
            "lastNotNull"
          ],
          "fields": "",
          "values": false
        },
        "textMode": "auto"
      },
      "pluginVersion": "8.3.1",
      "targets": [
        {
          "datasource": {
            "type": "postgres",
            "uid": "loQlbs27k"
          },
          "format": "table",
          "group": [],
          "metricColumn": "none",
          "rawQuery": true,
          "rawSql": "select count(*) - (select count(*) from ${ep:raw} f inner join inventory i on f.hostname = i.hostname where i.ci_status like any (array['Live', 'Buffer', 'Repair', 'Spare']) and business_unit in ($bu) and i.inventory_location in ($location)) from inventory where ci_status like any (array['Live', 'Buffer', 'Repair', 'Spare'] ) and business_unit in ($bu) and inventory_location in ($location)\n",
          "refId": "A",
          "select": [
            [
              {
                "params": [
                  "value"
                ],
                "type": "column"
              }
            ]
          ],
          "timeColumn": "time",
          "where": [
            {
              "name": "$__timeFilter",
              "params": [],
              "type": "macro"
            }
          ]
        }
      ],
      "title": "Non-Compliant",
      "transformations": [],
      "type": "stat"
    },
    {
      "fieldConfig": {
        "defaults": {
          "color": {
            "mode": "thresholds"
          },
          "custom": {
            "axisLabel": "",
            "axisPlacement": "auto",
            "axisSoftMin": 0,
            "fillOpacity": 80,
            "gradientMode": "none",
            "hideFrom": {
              "legend": false,
              "tooltip": false,
              "viz": false
            },
            "lineWidth": 1
          },
          "mappings": [],
          "thresholds": {
            "mode": "absolute",
            "steps": [
              {
                "color": "green",
                "value": null
              }
            ]
          }
        },
        "overrides": [
          {
            "matcher": {
              "id": "byName",
              "options": "compliant"
            },
            "properties": [
              {
                "id": "color",
                "value": {
                  "fixedColor": "semi-dark-green",
                  "mode": "fixed"
                }
              }
            ]
          },
          {
            "matcher": {
              "id": "byName",
              "options": "Compliant"
            },
            "properties": [
              {
                "id": "color",
                "value": {
                  "fixedColor": "#6dab65",
                  "mode": "fixed"
                }
              }
            ]
          },
          {
            "matcher": {
              "id": "byName",
              "options": "Non Compliant"
            },
            "properties": [
              {
                "id": "color",
                "value": {
                  "fixedColor": "#cd8a20",
                  "mode": "fixed"
                }
              }
            ]
          }
        ]
      },
      "gridPos": {
        "h": 14,
        "w": 24,
        "x": 0,
        "y": 13
      },
      "id": 79,
      "options": {
        "barWidth": 0.97,
        "groupWidth": 0.7,
        "legend": {
          "calcs": [],
          "displayMode": "list",
          "placement": "bottom"
        },
        "orientation": "vertical",
        "showValue": "auto",
        "stacking": "none",
        "tooltip": {
          "mode": "single"
        },
        "xTickLabelRotation": 45
      },
      "pluginVersion": "8.3.1",
      "targets": [
        {
          "datasource": {
            "type": "postgres",
            "uid": "loQlbs27k"
          },
          "format": "table",
          "group": [],
          "metricColumn": "none",
          "rawQuery": true,
          "rawSql": "SELECT i.inventory_location,\r\n    sum(case when f.hostname is not null then 1 else 0 end) AS \"Compliant\",\r\n    sum(case when f.hostname is null then 1 else 0 end) AS \"Non Compliant\"\r\nFROM inventory as i left join ${ep:raw} as f on i.hostname = f.hostname\r\nwhere i.inventory_location IN ($location)\r\n\tand i.business_unit in ($bu)\r\nGROUP BY i.inventory_location\r\norder by 2 desc",
          "refId": "A",
          "select": [
            [
              {
                "params": [
                  "value"
                ],
                "type": "column"
              }
            ]
          ],
          "timeColumn": "time",
          "where": [
            {
              "name": "$__timeFilter",
              "params": [],
              "type": "macro"
            }
          ]
        }
      ],
      "title": "Location",
      "type": "barchart"
    }
  ],
  "refresh": false,
  "schemaVersion": 33,
  "style": "dark",
  "tags": [],
  "templating": {
    "list": [
      {
        "current": {
          "selected": true,
          "text": [
            "All"
          ],
          "value": [
            "$__all"
          ]
        },
        "definition": "Select inventory_location from inventory",
        "hide": 0,
        "includeAll": true,
        "label": "Location",
        "multi": true,
        "name": "location",
        "options": [],
        "query": "Select inventory_location from inventory",
        "refresh": 1,
        "regex": "",
        "skipUrlSync": false,
        "sort": 1,
        "type": "query"
      },
      {
        "current": {
          "selected": true,
          "text": [
            "All"
          ],
          "value": [
            "$__all"
          ]
        },
        "definition": "Select business_unit from inventory",
        "hide": 0,
        "includeAll": true,
        "label": "Business Unit",
        "multi": true,
        "name": "bu",
        "options": [],
        "query": "Select business_unit from inventory",
        "refresh": 1,
        "regex": "",
        "skipUrlSync": false,
        "sort": 1,
        "type": "query"
      },
      {
        "current": {
          "selected": false,
          "text": "all_endpoint",
          "value": "all_endpoint"
        },
        "hide": 2,
        "includeAll": false,
        "label": "Endpoint Type",
        "multi": false,
        "name": "ep",
        "options": [
          {
            "selected": true,
            "text": "all_endpoint",
            "value": "all_endpoint"
          },
          {
            "selected": false,
            "text": "falcon",
            "value": "falcon"
          },
          {
            "selected": false,
            "text": "dlp",
            "value": "dlp"
          },
          {
            "selected": false,
            "text": "mcafee",
            "value": "mcafee"
          },
          {
            "selected": false,
            "text": "nac",
            "value": "nac"
          },
          {
            "selected": false,
            "text": "workspace_one",
            "value": "workspace_one"
          },
          {
            "selected": false,
            "text": "bitlocker",
            "value": "bitlocker"
          }
        ],
        "query": "all_endpoint, falcon, dlp, mcafee, nac, workspace_one, bitlocker",
        "skipUrlSync": false,
        "type": "custom"
      }
    ]
  },
  "time": {
    "from": "now-90d",
    "to": "now"
  },
  "timepicker": {
    "refresh_intervals": [
      "5s",
      "10s",
      "30s",
      "1m",
      "5m",
      "15m",
      "30m",
      "1h",
      "2h",
      "1d"
    ]
  },
  "timezone": "",
  "title": "Endpoint Compliance Report",
  "uid": "zS02I7Ank",
  "version": 66,
  "weekStart": ""
}