{
  "annotations": {
    "list": [
      {
        "builtIn": 1,
        "datasource": "-- Grafana --",
        "enable": true,
        "hide": true,
        "iconColor": "rgba(0, 211, 255, 1)",
        "name": "Annotations & Alerts",
        "target": {
          "limit": 100,
          "matchAny": false,
          "tags": [],
          "type": "dashboard"
        },
        "type": "dashboard"
      }
    ]
  },
  "editable": true,
  "fiscalYearStartMonth": 0,
  "graphTooltip": 0,
  "id": 9,
  "iteration": 1644592742518,
  "links": [
    {
      "asDropdown": false,
      "icon": "dashboard",
      "includeVars": true,
      "keepTime": true,
      "tags": [],
      "targetBlank": false,
      "title": "Back to Compliance Report",
      "tooltip": "Back to Compliance Report",
      "type": "link",
      "url": "https://demo.cybervisible.in/grafana/d/zS02I7Ank/endpoint-compliance-report?orgId=1"
    }
  ],
  "liveNow": false,
  "panels": [
    {
      "gridPos": {
        "h": 1,
        "w": 24,
        "x": 0,
        "y": 0
      },
      "id": 73,
      "title": "Overall Compliance",
      "type": "row"
    },
    {
      "description": "",
      "fieldConfig": {
        "defaults": {
          "color": {
            "fixedColor": "#a5300f",
            "mode": "fixed"
          },
          "mappings": [],
          "thresholds": {
            "mode": "absolute",
            "steps": [
              {
                "color": "#a8e087",
                "value": null
              }
            ]
          }
        },
        "overrides": []
      },
      "gridPos": {
        "h": 5,
        "w": 3,
        "x": 0,
        "y": 1
      },
      "id": 59,
      "options": {
        "colorMode": "background",
        "graphMode": "none",
        "justifyMode": "center",
        "orientation": "auto",
        "reduceOptions": {
          "calcs": [
            "lastNotNull"
          ],
          "fields": "",
          "values": false
        },
        "textMode": "auto"
      },
      "pluginVersion": "8.3.1",
      "targets": [
        {
          "datasource": {
            "type": "postgres",
            "uid": "loQlbs27k"
          },
          "format": "table",
          "group": [],
          "metricColumn": "none",
          "rawQuery": true,
          "rawSql": "select count(*) as \"Total Endpoints\" from inventory where business_unit in ($bu) and inventory_location in ($location) ;\n",
          "refId": "A",
          "select": [
            [
              {
                "params": [
                  "value"
                ],
                "type": "column"
              }
            ]
          ],
          "timeColumn": "time",
          "where": [
            {
              "name": "$__timeFilter",
              "params": [],
              "type": "macro"
            }
          ]
        }
      ],
      "title": "Total",
      "type": "stat"
    },
    {
      "fieldConfig": {
        "defaults": {
          "color": {
            "mode": "thresholds"
          },
          "mappings": [],
          "thresholds": {
            "mode": "absolute",
            "steps": [
              {
                "color": "#a5300f",
                "value": null
              }
            ]
          }
        },
        "overrides": []
      },
      "gridPos": {
        "h": 5,
        "w": 3,
        "x": 3,
        "y": 1
      },
      "id": 61,
      "options": {
        "colorMode": "background",
        "graphMode": "area",
        "justifyMode": "center",
        "orientation": "vertical",
        "reduceOptions": {
          "calcs": [
            "lastNotNull"
          ],
          "fields": "",
          "values": false
        },
        "textMode": "auto"
      },
      "pluginVersion": "8.3.1",
      "targets": [
        {
          "datasource": {
            "type": "postgres",
            "uid": "loQlbs27k"
          },
          "format": "table",
          "group": [],
          "metricColumn": "none",
          "rawQuery": true,
          "rawSql": "select count(*) as \"Applicable\" from inventory where ci_status like any (array['Live', 'Buffer', 'Repair', 'Spare']) and business_unit in ($bu) and inventory_location in ($location);",
          "refId": "A",
          "select": [
            [
              {
                "params": [
                  "value"
                ],
                "type": "column"
              }
            ]
          ],
          "timeColumn": "time",
          "where": [
            {
              "name": "$__timeFilter",
              "params": [],
              "type": "macro"
            }
          ]
        }
      ],
      "title": "Applicable",
      "type": "stat"
    },
    {
      "description": "",
      "fieldConfig": {
        "defaults": {
          "color": {
            "mode": "thresholds"
          },
          "mappings": [],
          "thresholds": {
            "mode": "absolute",
            "steps": [
              {
                "color": "#a5300f",
                "value": null
              }
            ]
          }
        },
        "overrides": []
      },
      "gridPos": {
        "h": 5,
        "w": 3,
        "x": 6,
        "y": 1
      },
      "id": 63,
      "options": {
        "colorMode": "background",
        "graphMode": "area",
        "justifyMode": "auto",
        "orientation": "auto",
        "reduceOptions": {
          "calcs": [
            "lastNotNull"
          ],
          "fields": "",
          "values": false
        },
        "textMode": "auto"
      },
      "pluginVersion": "8.3.1",
      "targets": [
        {
          "datasource": {
            "type": "postgres",
            "uid": "loQlbs27k"
          },
          "format": "table",
          "group": [],
          "metricColumn": "none",
          "rawQuery": true,
          "rawSql": "select count(*) as \"Compliant\" from all_endpoint f inner join inventory i on f.hostname = i.hostname where i.ci_status like any (array['Live', 'Buffer', 'Repair', 'Spare']) and business_unit in ($bu) and i.inventory_location in ($location)",
          "refId": "A",
          "select": [
            [
              {
                "params": [
                  "value"
                ],
                "type": "column"
              }
            ]
          ],
          "timeColumn": "time",
          "where": [
            {
              "name": "$__timeFilter",
              "params": [],
              "type": "macro"
            }
          ]
        }
      ],
      "title": "Compliant",
      "type": "stat"
    },
    {
      "description": "",
      "fieldConfig": {
        "defaults": {
          "color": {
            "mode": "thresholds"
          },
          "mappings": [],
          "thresholds": {
            "mode": "absolute",
            "steps": [
              {
                "color": "#a5300f",
                "value": null
              }
            ]
          }
        },
        "overrides": []
      },
      "gridPos": {
        "h": 5,
        "w": 3,
        "x": 9,
        "y": 1
      },
      "id": 65,
      "options": {
        "colorMode": "background",
        "graphMode": "area",
        "justifyMode": "auto",
        "orientation": "auto",
        "reduceOptions": {
          "calcs": [
            "lastNotNull"
          ],
          "fields": "",
          "values": false
        },
        "textMode": "auto"
      },
      "pluginVersion": "8.3.1",
      "targets": [
        {
          "datasource": {
            "type": "postgres",
            "uid": "loQlbs27k"
          },
          "format": "table",
          "group": [],
          "metricColumn": "none",
          "rawQuery": true,
          "rawSql": "select count(*) - (select count(*) from all_endpoint f inner join inventory i on f.hostname = i.hostname where i.ci_status like any (array['Live', 'Buffer', 'Repair', 'Spare']) and business_unit in ($bu) and i.inventory_location in ($location)) from inventory where ci_status like any (array['Live', 'Buffer', 'Repair', 'Spare'] ) and business_unit in ($bu) and inventory_location in ($location)\n",
          "refId": "A",
          "select": [
            [
              {
                "params": [
                  "value"
                ],
                "type": "column"
              }
            ]
          ],
          "timeColumn": "time",
          "where": [
            {
              "name": "$__timeFilter",
              "params": [],
              "type": "macro"
            }
          ]
        }
      ],
      "title": "Non-Compliant",
      "transformations": [],
      "type": "stat"
    },
    {
      "description": "",
      "fieldConfig": {
        "defaults": {
          "color": {
            "mode": "thresholds"
          },
          "mappings": [],
          "thresholds": {
            "mode": "absolute",
            "steps": [
              {
                "color": "#a5300f",
                "value": null
              }
            ]
          },
          "unit": "percent"
        },
        "overrides": []
      },
      "gridPos": {
        "h": 5,
        "w": 3,
        "x": 12,
        "y": 1
      },
      "id": 66,
      "libraryPanel": {
        "description": "",
        "meta": {
          "connectedDashboards": 2,
          "created": "2021-12-29T13:17:13Z",
          "createdBy": {
            "avatarUrl": "/grafana/avatar/46d229b033af06a191ff2267bca9ae56",
            "id": 1,
            "name": "admin"
          },
          "folderName": "General",
          "folderUid": "",
          "updated": "2021-12-29T13:24:52Z",
          "updatedBy": {
            "avatarUrl": "/grafana/avatar/46d229b033af06a191ff2267bca9ae56",
            "id": 1,
            "name": "admin"
          }
        },
        "name": "Compliance",
        "type": "stat",
        "uid": "MGZYjnA7k",
        "version": 2
      },
      "options": {
        "colorMode": "background",
        "graphMode": "area",
        "justifyMode": "auto",
        "orientation": "auto",
        "reduceOptions": {
          "calcs": [
            "lastNotNull"
          ],
          "fields": "",
          "values": false
        },
        "text": {},
        "textMode": "auto"
      },
      "pluginVersion": "8.3.1",
      "targets": [
        {
          "datasource": {
            "type": "postgres",
            "uid": "loQlbs27k"
          },
          "format": "table",
          "group": [],
          "metricColumn": "none",
          "rawQuery": true,
          "rawSql": "with compliant_all as (\r\n select count(*) cnt from inventory i inner join all_endpoint a on i.hostname = a.hostname where i.ci_status like any (array['Live', 'Buffer', 'Repair', 'Spare']) and business_unit in ($bu) and i.inventory_location in ($location)\r\n)\r\nselect ( select cnt from compliant_all)*100/count(*)::decimal(16,3) from inventory i where i.ci_status like any (array['Live', 'Buffer', 'Repair', 'Spare']) and business_unit in ($bu) and i.inventory_location in ($location)",
          "refId": "A",
          "select": [
            [
              {
                "params": [
                  "value"
                ],
                "type": "column"
              }
            ]
          ],
          "timeColumn": "time",
          "where": [
            {
              "name": "$__timeFilter",
              "params": [],
              "type": "macro"
            }
          ]
        }
      ],
      "title": "Compliance",
      "type": "stat"
    },
    {
      "description": "",
      "fieldConfig": {
        "defaults": {
          "color": {
            "mode": "thresholds"
          },
          "mappings": [],
          "thresholds": {
            "mode": "absolute",
            "steps": [
              {
                "color": "#a5300f",
                "value": null
              }
            ]
          },
          "unit": "percent"
        },
        "overrides": []
      },
      "gridPos": {
        "h": 5,
        "w": 4,
        "x": 15,
        "y": 1
      },
      "id": 67,
      "libraryPanel": {
        "description": "",
        "meta": {
          "connectedDashboards": 2,
          "created": "2021-12-29T13:17:17Z",
          "createdBy": {
            "avatarUrl": "/grafana/avatar/46d229b033af06a191ff2267bca9ae56",
            "id": 1,
            "name": "admin"
          },
          "folderName": "General",
          "folderUid": "",
          "updated": "2021-12-29T13:17:17Z",
          "updatedBy": {
            "avatarUrl": "/grafana/avatar/46d229b033af06a191ff2267bca9ae56",
            "id": 1,
            "name": "admin"
          }
        },
        "name": "Non-Compliance",
        "type": "stat",
        "uid": "YzILCnAnz",
        "version": 1
      },
      "options": {
        "colorMode": "background",
        "graphMode": "area",
        "justifyMode": "auto",
        "orientation": "auto",
        "reduceOptions": {
          "calcs": [
            "lastNotNull"
          ],
          "fields": "",
          "values": false
        },
        "text": {},
        "textMode": "auto"
      },
      "pluginVersion": "8.3.1",
      "targets": [
        {
          "datasource": {
            "type": "postgres",
            "uid": "loQlbs27k"
          },
          "format": "table",
          "group": [],
          "metricColumn": "none",
          "rawQuery": true,
          "rawSql": "with compliant_all as (\r\n select count(*) cnt from inventory i inner join all_endpoint a on i.hostname = a.hostname where i.ci_status like any (array['Live', 'Buffer', 'Repair', 'Spare']) and business_unit in ($bu) and i.inventory_location in ($location)\r\n)\r\nselect 100 - ( select cnt from compliant_all)*100/count(*)::decimal(16,3) from inventory i where i.ci_status like any (array['Live', 'Buffer', 'Repair', 'Spare']) and business_unit in ($bu) and i.inventory_location in ($location)",
          "refId": "A",
          "select": [
            [
              {
                "params": [
                  "value"
                ],
                "type": "column"
              }
            ]
          ],
          "timeColumn": "time",
          "where": [
            {
              "name": "$__timeFilter",
              "params": [],
              "type": "macro"
            }
          ]
        }
      ],
      "title": "Non-Compliance",
      "type": "stat"
    },
    {
      "description": "",
      "fieldConfig": {
        "defaults": {
          "mappings": [],
          "max": 100,
          "min": 0,
          "thresholds": {
            "mode": "percentage",
            "steps": [
              {
                "color": "#a5300f",
                "value": null
              },
              {
                "color": "#5cbf4f",
                "value": 95
              }
            ]
          },
          "unit": "percent"
        },
        "overrides": []
      },
      "gridPos": {
        "h": 11,
        "w": 5,
        "x": 19,
        "y": 1
      },
      "id": 71,
      "libraryPanel": {
        "description": "",
        "meta": {
          "connectedDashboards": 1,
          "created": "2021-12-23T14:58:37Z",
          "createdBy": {
            "avatarUrl": "/grafana/avatar/46d229b033af06a191ff2267bca9ae56",
            "id": 1,
            "name": "admin"
          },
          "folderName": "General",
          "folderUid": "",
          "updated": "2021-12-29T13:25:04Z",
          "updatedBy": {
            "avatarUrl": "/grafana/avatar/46d229b033af06a191ff2267bca9ae56",
            "id": 1,
            "name": "admin"
          }
        },
        "name": "Overall Compliance",
        "type": "gauge",
        "uid": "d3hmLEo7z",
        "version": 10
      },
      "options": {
        "orientation": "auto",
        "reduceOptions": {
          "calcs": [
            "lastNotNull"
          ],
          "fields": "",
          "values": false
        },
        "showThresholdLabels": false,
        "showThresholdMarkers": true
      },
      "pluginVersion": "8.3.1",
      "targets": [
        {
          "datasource": {
            "type": "postgres",
            "uid": "loQlbs27k"
          },
          "format": "table",
          "group": [],
          "metricColumn": "none",
          "rawQuery": true,
          "rawSql": "with compliant_all as (\r\n select count(*) cnt from inventory i inner join all_endpoint a on i.hostname = a.hostname where i.ci_status like any (array['Live', 'Buffer', 'Repair', 'Spare']) and business_unit in ($bu) and i.inventory_location in ($location)\r\n)\r\nselect ( select cnt from compliant_all)*100/count(*)::decimal(16,3) from inventory i where i.ci_status like any (array['Live', 'Buffer', 'Repair', 'Spare']) and business_unit in ($bu) and i.inventory_location in ($location)",
          "refId": "A",
          "select": [
            [
              {
                "params": [
                  "value"
                ],
                "type": "column"
              }
            ]
          ],
          "timeColumn": "time",
          "where": [
            {
              "name": "$__timeFilter",
              "params": [],
              "type": "macro"
            }
          ]
        }
      ],
      "title": "Overall Compliance",
      "type": "gauge"
    },
    {
      "fieldConfig": {
        "defaults": {
          "mappings": [
            {
              "options": {
                "falcon": {
                  "color": "text",
                  "index": 0,
                  "text": "Falcon Compliance"
                }
              },
              "type": "value"
            }
          ],
          "max": 100,
          "min": 0,
          "thresholds": {
            "mode": "percentage",
            "steps": [
              {
                "color": "#a5300f",
                "value": null
              },
              {
                "color": "green",
                "value": 95
              }
            ]
          },
          "unit": "percent"
        },
        "overrides": []
      },
      "gridPos": {
        "h": 6,
        "w": 19,
        "x": 0,
        "y": 6
      },
      "id": 13,
      "options": {
        "orientation": "auto",
        "reduceOptions": {
          "calcs": [
            "lastNotNull"
          ],
          "fields": "",
          "values": false
        },
        "showThresholdLabels": false,
        "showThresholdMarkers": true,
        "text": {}
      },
      "pluginVersion": "8.3.1",
      "targets": [
        {
          "datasource": {
            "type": "postgres",
            "uid": "loQlbs27k"
          },
          "format": "table",
          "group": [],
          "metricColumn": "none",
          "rawQuery": true,
          "rawSql": "select (((Select count(*) from falcon as f inner join inventory i ON i.hostname=f.hostname \nwhere $__timeFilter(i.updated) and i.inventory_location IN ($location) and i.business_unit in ($bu))::decimal(16,3)/(count(*)+1))*100) as \"S1\" \nfrom inventory where $__timeFilter(updated) and inventory_location IN ($location) and business_unit in ($bu)",
          "refId": "falcon_query",
          "select": [
            [
              {
                "params": [
                  "value"
                ],
                "type": "column"
              }
            ]
          ],
          "timeColumn": "time",
          "where": [
            {
              "name": "$__timeFilter",
              "params": [],
              "type": "macro"
            }
          ]
        },
        {
          "datasource": {
            "type": "postgres",
            "uid": "loQlbs27k"
          },
          "format": "table",
          "group": [],
          "hide": false,
          "metricColumn": "none",
          "rawQuery": true,
          "rawSql": "select (((Select count(*) from dlp d inner join inventory i On i.hostname=d.hostname where $__timeFilter(i.updated) and i.inventory_location IN ($location) and i.business_unit in ($bu))::decimal(16,3)/(count(*)+1))*100) as \"DLP\" from inventory where $__timeFilter(updated)  and inventory_location IN ($location) and business_unit in ($bu)",
          "refId": "dlp_query",
          "select": [
            [
              {
                "params": [
                  "value"
                ],
                "type": "column"
              }
            ]
          ],
          "timeColumn": "time",
          "where": [
            {
              "name": "$__timeFilter",
              "params": [],
              "type": "macro"
            }
          ]
        },
        {
          "datasource": {
            "type": "postgres",
            "uid": "loQlbs27k"
          },
          "format": "table",
          "group": [],
          "hide": false,
          "metricColumn": "none",
          "rawQuery": true,
          "rawSql": "select (((Select count(*) from nac n inner join inventory i ON i.hostname=n.hostname where $__timeFilter(i.updated) and i.inventory_location IN ($location) and i.business_unit in ($bu))::decimal(16,3)/(count(*)+1))*100) as \"NAC\" from inventory where $__timeFilter(updated) and inventory_location IN ($location) and business_unit in ($bu)",
          "refId": "nac_query",
          "select": [
            [
              {
                "params": [
                  "value"
                ],
                "type": "column"
              }
            ]
          ],
          "timeColumn": "time",
          "where": [
            {
              "name": "$__timeFilter",
              "params": [],
              "type": "macro"
            }
          ]
        },
        {
          "datasource": {
            "type": "postgres",
            "uid": "loQlbs27k"
          },
          "format": "table",
          "group": [],
          "hide": false,
          "metricColumn": "none",
          "rawQuery": true,
          "rawSql": "select (((Select count(*) from workspace_one w inner join inventory i ON i.hostname=w.hostname where $__timeFilter(i.updated) and i.inventory_location IN ($location) and i.business_unit in ($bu))::decimal(16,3)/(count(*)+1))*100) as \"MDM\" from inventory where $__timeFilter(updated) and inventory_location IN ($location) and business_unit in ($bu)",
          "refId": "workspace_one_query",
          "select": [
            [
              {
                "params": [
                  "value"
                ],
                "type": "column"
              }
            ]
          ],
          "timeColumn": "time",
          "where": [
            {
              "name": "$__timeFilter",
              "params": [],
              "type": "macro"
            }
          ]
        },
        {
          "datasource": {
            "type": "postgres",
            "uid": "loQlbs27k"
          },
          "format": "table",
          "group": [],
          "hide": false,
          "metricColumn": "none",
          "rawQuery": true,
          "rawSql": "select (((Select count(b.*) from bitlocker as b inner join inventory i ON i.hostname=b.hostname where $__timeFilter(i.updated) and b.is_compliant='Compliant' and i.inventory_location IN ($location) and business_unit in ($bu))::decimal(16,3)/(count(*)+1))*100) as \"Encryption\" from inventory where $__timeFilter(updated) and inventory_location IN ($location) and business_unit in ($bu)",
          "refId": "bitlocker_query",
          "select": [
            [
              {
                "params": [
                  "value"
                ],
                "type": "column"
              }
            ]
          ],
          "timeColumn": "time",
          "where": [
            {
              "name": "$__timeFilter",
              "params": [],
              "type": "macro"
            }
          ]
        },
        {
          "datasource": {
            "type": "postgres",
            "uid": "loQlbs27k"
          },
          "format": "table",
          "group": [],
          "hide": false,
          "metricColumn": "none",
          "rawQuery": true,
          "rawSql": "select (((Select count(m.*) from mcafee m inner join inventory i on i.hostname=m.hostname and m.state='Active' where $__timeFilter(i.updated) and i.inventory_location IN ($location) and business_unit in ($bu))::decimal(16,3)/(count(*)+1))*100) as \"DRM\" from inventory where $__timeFilter(updated) and inventory_location IN ($location) and business_unit in ($bu)",
          "refId": "mcafee_query",
          "select": [
            [
              {
                "params": [
                  "value"
                ],
                "type": "column"
              }
            ]
          ],
          "timeColumn": "time",
          "where": [
            {
              "name": "$__timeFilter",
              "params": [],
              "type": "macro"
            }
          ]
        }
      ],
      "title": "Solution-wise Compliance",
      "type": "gauge"
    },
    {
      "aliasColors": {
        "percentage": "#a5300f"
      },
      "bars": true,
      "dashLength": 10,
      "dashes": false,
      "fieldConfig": {
        "defaults": {
          "unit": "percent"
        },
        "overrides": []
      },
      "fill": 1,
      "fillGradient": 0,
      "gridPos": {
        "h": 8,
        "w": 24,
        "x": 0,
        "y": 12
      },
      "hiddenSeries": false,
      "id": 57,
      "legend": {
        "avg": false,
        "current": false,
        "max": false,
        "min": false,
        "show": true,
        "total": false,
        "values": false
      },
      "lines": true,
      "linewidth": 1,
      "nullPointMode": "null",
      "options": {
        "alertThreshold": true
      },
      "percentage": false,
      "pluginVersion": "8.3.1",
      "pointradius": 2,
      "points": false,
      "renderer": "flot",
      "seriesOverrides": [],
      "spaceLength": 10,
      "stack": false,
      "steppedLine": false,
      "targets": [
        {
          "datasource": {
            "type": "postgres",
            "uid": "loQlbs27k"
          },
          "format": "time_series",
          "group": [],
          "metricColumn": "none",
          "rawQuery": true,
          "rawSql": "with inventory_data as (\r\nSELECT date_trunc('week', time::date) AS time,\r\nsum(COUNT(*)) OVER (ORDER BY date_trunc('week', time::date) ASC rows between unbounded preceding and current row) AS count,\r\nhostname\r\nFROM inventory\r\nGROUP BY 1, 3\r\nORDER BY 1\r\n),\r\nall_count as (\r\nSelect date_trunc('week', time::date) AS \"time\",\r\nsum(count(*)) OVER (ORDER BY date_trunc('week', time::date) ASC rows between unbounded preceding and current row) all_count,\r\nhostname\r\nfrom all_endpoint\r\ngroup by 1, 3\r\norder by 1\r\n)\r\nSelect i.time::timestamp::date,\r\n(sum(all_count)/sum(count))*100 as percentage\r\nfrom all_count a inner join inventory_data i On i.hostname=a.hostname\r\ngroup by 1\r\norder by 1",
          "refId": "A",
          "select": [
            [
              {
                "params": [
                  "value"
                ],
                "type": "column"
              }
            ]
          ],
          "timeColumn": "time",
          "where": [
            {
              "name": "$__timeFilter",
              "params": [],
              "type": "macro"
            }
          ]
        }
      ],
      "thresholds": [],
      "timeRegions": [],
      "title": "Compliance Weekly Trend",
      "tooltip": {
        "shared": true,
        "sort": 0,
        "value_type": "individual"
      },
      "type": "graph",
      "xaxis": {
        "mode": "time",
        "show": true,
        "values": []
      },
      "yaxes": [
        {
          "$$hashKey": "object:205",
          "format": "percent",
          "logBase": 1,
          "show": true
        },
        {
          "$$hashKey": "object:206",
          "format": "short",
          "logBase": 1,
          "show": true
        }
      ],
      "yaxis": {
        "align": false
      }
    }
  ],
  "refresh": false,
  "schemaVersion": 33,
  "style": "dark",
  "tags": [],
  "templating": {
    "list": [
      {
        "current": {
          "selected": true,
          "text": [
            "All"
          ],
          "value": [
            "$__all"
          ]
        },
        "definition": "Select inventory_location from inventory",
        "hide": 0,
        "includeAll": true,
        "label": "Location",
        "multi": true,
        "name": "location",
        "options": [],
        "query": "Select inventory_location from inventory",
        "refresh": 1,
        "regex": "",
        "skipUrlSync": false,
        "sort": 1,
        "type": "query"
      },
      {
        "current": {
          "selected": true,
          "text": [
            "All"
          ],
          "value": [
            "$__all"
          ]
        },
        "definition": "Select business_unit from inventory",
        "hide": 0,
        "includeAll": true,
        "label": "Business Unit",
        "multi": true,
        "name": "bu",
        "options": [],
        "query": "Select business_unit from inventory",
        "refresh": 1,
        "regex": "",
        "skipUrlSync": false,
        "sort": 1,
        "type": "query"
      }
    ]
  },
  "time": {
    "from": "now-6M",
    "to": "now"
  },
  "timepicker": {
    "refresh_intervals": [
      "5s",
      "10s",
      "30s",
      "1m",
      "5m",
      "15m",
      "30m",
      "1h",
      "2h",
      "1d"
    ]
  },
  "timezone": "",
  "title": "Endpoint Compliance Trend",
  "uid": "Yq_DrLTnk",
  "version": 50,
  "weekStart": ""
}