{
  "annotations": {
    "list": [
      {
        "builtIn": 1,
        "datasource": "-- Grafana --",
        "enable": true,
        "hide": true,
        "iconColor": "rgba(0, 211, 255, 1)",
        "name": "Annotations & Alerts",
        "target": {
          "limit": 100,
          "matchAny": false,
          "tags": [],
          "type": "dashboard"
        },
        "type": "dashboard"
      }
    ]
  },
  "editable": true,
  "fiscalYearStartMonth": 0,
  "graphTooltip": 0,
  "id": 8,
  "iteration": 1644592759858,
  "links": [],
  "liveNow": false,
  "panels": [
    {
      "fieldConfig": {
        "defaults": {
          "color": {
            "mode": "palette-classic"
          },
          "custom": {
            "axisLabel": "",
            "axisPlacement": "auto",
            "barAlignment": 0,
            "drawStyle": "line",
            "fillOpacity": 0,
            "gradientMode": "none",
            "hideFrom": {
              "legend": false,
              "tooltip": false,
              "viz": false
            },
            "lineInterpolation": "smooth",
            "lineWidth": 2,
            "pointSize": 5,
            "scaleDistribution": {
              "type": "linear"
            },
            "showPoints": "never",
            "spanNulls": false,
            "stacking": {
              "group": "A",
              "mode": "none"
            },
            "thresholdsStyle": {
              "mode": "off"
            }
          },
          "mappings": [],
          "thresholds": {
            "mode": "absolute",
            "steps": [
              {
                "color": "green",
                "value": null
              }
            ]
          }
        },
        "overrides": []
      },
      "gridPos": {
        "h": 7,
        "w": 12,
        "x": 0,
        "y": 0
      },
      "id": 4,
      "maxPerRow": 2,
      "options": {
        "legend": {
          "calcs": [],
          "displayMode": "list",
          "placement": "bottom"
        },
        "tooltip": {
          "mode": "single"
        }
      },
      "repeat": "endpoint",
      "repeatDirection": "h",
      "targets": [
        {
          "datasource": {
            "type": "postgres",
            "uid": "loQlbs27k"
          },
          "format": "time_series",
          "group": [],
          "metricColumn": "none",
          "rawQuery": true,
          "rawSql": "SELECT\n  i.time::TIMESTAMP::DATE AS \"time\",\n   sum(count(*)) OVER (ORDER BY i.time::TIMESTAMP::DATE rows between unbounded preceding and current row) AS ${endpoint:raw} \nFROM \n  ${endpoint:raw} f inner join inventory as i on i.hostname = f.hostname\n  where inventory_location in ($location)\nGROUP BY 1\n",
          "refId": "A",
          "select": [
            [
              {
                "params": [
                  "value"
                ],
                "type": "column"
              }
            ]
          ],
          "timeColumn": "time",
          "where": [
            {
              "name": "$__timeFilter",
              "params": [],
              "type": "macro"
            }
          ]
        },
        {
          "datasource": {
            "type": "postgres",
            "uid": "loQlbs27k"
          },
          "format": "time_series",
          "group": [],
          "hide": false,
          "metricColumn": "none",
          "rawQuery": true,
          "rawSql": "SELECT\n  i.time::TIMESTAMP::DATE AS \"time\",\n   sum(count(*)) OVER (ORDER BY i.time::TIMESTAMP::DATE ASC rows between unbounded preceding and current row) AS \"Inventory\" \nFROM \n  inventory i\nwhere inventory_location in ($location)\nGROUP BY i.time::TIMESTAMP::DATE\norder by i.time::TIMESTAMP::DATE\n",
          "refId": "B",
          "select": [
            [
              {
                "params": [
                  "value"
                ],
                "type": "column"
              }
            ]
          ],
          "timeColumn": "time",
          "where": [
            {
              "name": "$__timeFilter",
              "params": [],
              "type": "macro"
            }
          ]
        }
      ],
      "title": "$endpoint",
      "transformations": [],
      "type": "timeseries"
    },
    {
      "fieldConfig": {
        "defaults": {
          "color": {
            "mode": "palette-classic"
          },
          "custom": {
            "axisLabel": "",
            "axisPlacement": "auto",
            "axisSoftMin": 0,
            "fillOpacity": 80,
            "gradientMode": "none",
            "hideFrom": {
              "legend": false,
              "tooltip": false,
              "viz": false
            },
            "lineWidth": 1
          },
          "mappings": [],
          "thresholds": {
            "mode": "absolute",
            "steps": [
              {
                "color": "green",
                "value": null
              },
              {
                "color": "red",
                "value": 80
              }
            ]
          }
        },
        "overrides": []
      },
      "gridPos": {
        "h": 14,
        "w": 12,
        "x": 0,
        "y": 21
      },
      "id": 2,
      "maxPerRow": 2,
      "options": {
        "barWidth": 0.97,
        "groupWidth": 0.7,
        "legend": {
          "calcs": [],
          "displayMode": "list",
          "placement": "bottom"
        },
        "orientation": "horizontal",
        "showValue": "auto",
        "stacking": "none",
        "tooltip": {
          "mode": "single"
        },
        "xTickLabelRotation": 0
      },
      "repeat": "endpoint",
      "repeatDirection": "h",
      "targets": [
        {
          "datasource": {
            "type": "postgres",
            "uid": "loQlbs27k"
          },
          "format": "table",
          "group": [],
          "hide": false,
          "metricColumn": "none",
          "rawQuery": true,
          "rawSql": "SELECT i.inventory_location,\r\n    sum(case when f.hostname is not null then 1 else 0 end) AS Compliant,\r\n    sum(case when f.hostname is null then 1 else 0 end) AS Non_Compliant\r\nFROM inventory as i left join ${endpoint:raw} as f on i.hostname = f.hostname\r\nwhere inventory_location in ($location)\r\nGROUP BY i.inventory_location",
          "refId": "A",
          "select": [
            [
              {
                "params": [
                  "value"
                ],
                "type": "column"
              }
            ]
          ],
          "timeColumn": "time",
          "where": [
            {
              "name": "$__timeFilter",
              "params": [],
              "type": "macro"
            }
          ]
        }
      ],
      "title": "$endpoint location",
      "type": "barchart"
    }
  ],
  "refresh": "",
  "schemaVersion": 33,
  "style": "dark",
  "tags": [],
  "templating": {
    "list": [
      {
        "current": {
          "selected": true,
          "text": [
            "falcon",
            "dlp",
            "bitlocker",
            "nac",
            "workspace_one",
            "mcafee"
          ],
          "value": [
            "falcon",
            "dlp",
            "bitlocker",
            "nac",
            "workspace_one",
            "mcafee"
          ]
        },
        "hide": 0,
        "includeAll": false,
        "label": "Endpoint",
        "multi": true,
        "name": "endpoint",
        "options": [
          {
            "selected": true,
            "text": "falcon",
            "value": "falcon"
          },
          {
            "selected": true,
            "text": "dlp",
            "value": "dlp"
          },
          {
            "selected": true,
            "text": "bitlocker",
            "value": "bitlocker"
          },
          {
            "selected": true,
            "text": "nac",
            "value": "nac"
          },
          {
            "selected": true,
            "text": "workspace_one",
            "value": "workspace_one"
          },
          {
            "selected": true,
            "text": "mcafee",
            "value": "mcafee"
          }
        ],
        "query": "falcon, dlp, bitlocker, nac, workspace_one, mcafee",
        "queryValue": "",
        "skipUrlSync": false,
        "type": "custom"
      },
      {
        "current": {
          "selected": false,
          "text": "All",
          "value": "$__all"
        },
        "definition": "Select distinct inventory_location from inventory",
        "description": "Inventory Location",
        "hide": 0,
        "includeAll": true,
        "label": "Location",
        "multi": false,
        "name": "location",
        "options": [],
        "query": "Select distinct inventory_location from inventory",
        "refresh": 1,
        "regex": "",
        "skipUrlSync": false,
        "sort": 1,
        "type": "query"
      }
    ]
  },
  "time": {
    "from": "now-6M",
    "to": "now"
  },
  "timepicker": {},
  "timezone": "",
  "title": "Endpoint Demo",
  "uid": "JlStwLo7z",
  "version": 12,
  "weekStart": ""
}