{
  "annotations": {
    "list": [
      {
        "builtIn": 1,
        "datasource": "-- Grafana --",
        "enable": true,
        "hide": true,
        "iconColor": "rgba(0, 211, 255, 1)",
        "name": "Annotations & Alerts",
        "target": {
          "limit": 100,
          "matchAny": false,
          "tags": [],
          "type": "dashboard"
        },
        "type": "dashboard"
      }
    ]
  },
  "editable": true,
  "fiscalYearStartMonth": 0,
  "graphTooltip": 0,
  "id": 6,
  "iteration": 1644592257254,
  "links": [],
  "liveNow": false,
  "panels": [
    {
      "fieldConfig": {
        "defaults": {
          "color": {
            "mode": "palette-classic"
          },
          "custom": {
            "axisLabel": "",
            "axisPlacement": "auto",
            "axisSoftMin": 0,
            "fillOpacity": 80,
            "gradientMode": "none",
            "hideFrom": {
              "legend": false,
              "tooltip": false,
              "viz": false
            },
            "lineWidth": 1
          },
          "mappings": [
            {
              "options": {
                "Kharadi Pune": {
                  "index": 1,
                  "text": "Kharadi"
                },
                "SKYVIEW SEZ Hyderabad": {
                  "index": 2,
                  "text": "Skyview Hyd"
                },
                "Shivajinagar Pune": {
                  "index": 0,
                  "text": "Shivajinagar"
                }
              },
              "type": "value"
            }
          ],
          "thresholds": {
            "mode": "absolute",
            "steps": [
              {
                "color": "green",
                "value": null
              }
            ]
          }
        },
        "overrides": [
          {
            "matcher": {
              "id": "byName",
              "options": "count"
            },
            "properties": [
              {
                "id": "color",
                "value": {
                  "fixedColor": "#d55816",
                  "mode": "fixed"
                }
              }
            ]
          }
        ]
      },
      "gridPos": {
        "h": 11,
        "w": 24,
        "x": 0,
        "y": 0
      },
      "id": 6,
      "options": {
        "barWidth": 0.97,
        "groupWidth": 0.7,
        "legend": {
          "calcs": [],
          "displayMode": "hidden",
          "placement": "bottom"
        },
        "orientation": "auto",
        "showValue": "auto",
        "stacking": "none",
        "tooltip": {
          "mode": "single"
        },
        "xTickLabelRotation": 45
      },
      "targets": [
        {
          "datasource": {
            "type": "postgres",
            "uid": "loQlbs27k"
          },
          "format": "table",
          "group": [],
          "metricColumn": "none",
          "rawQuery": true,
          "rawSql": "select inventory_location, count(*) as count from inventory \nwhere ci_status IN ($status) and business_unit IN ($bu) \nand inventory_location in ($location)\nand vendor_name in ($vendor_name)\ngroup by inventory_location order by count(*) desc",
          "refId": "A",
          "select": [
            [
              {
                "params": [
                  "value"
                ],
                "type": "column"
              }
            ]
          ],
          "timeColumn": "time",
          "where": [
            {
              "name": "$__timeFilter",
              "params": [],
              "type": "macro"
            }
          ]
        }
      ],
      "title": "Endpoint Locations",
      "type": "barchart"
    },
    {
      "fieldConfig": {
        "defaults": {
          "color": {
            "mode": "palette-classic"
          },
          "custom": {
            "axisLabel": "",
            "axisPlacement": "auto",
            "axisSoftMin": 0,
            "fillOpacity": 80,
            "gradientMode": "none",
            "hideFrom": {
              "legend": false,
              "tooltip": false,
              "viz": false
            },
            "lineWidth": 1
          },
          "mappings": [
            {
              "options": {
                "match": "null",
                "result": {
                  "color": "text",
                  "index": 0,
                  "text": "UNKNOWN"
                }
              },
              "type": "special"
            }
          ],
          "min": 0,
          "thresholds": {
            "mode": "absolute",
            "steps": [
              {
                "color": "green",
                "value": null
              },
              {
                "color": "red",
                "value": 80
              }
            ]
          },
          "unit": "short"
        },
        "overrides": [
          {
            "matcher": {
              "id": "byName",
              "options": "count"
            },
            "properties": [
              {
                "id": "color",
                "value": {
                  "fixedColor": "#cd8a20",
                  "mode": "fixed"
                }
              }
            ]
          }
        ]
      },
      "gridPos": {
        "h": 10,
        "w": 12,
        "x": 0,
        "y": 11
      },
      "id": 9,
      "options": {
        "barWidth": 0.86,
        "groupWidth": 0.7,
        "legend": {
          "calcs": [],
          "displayMode": "hidden",
          "placement": "right"
        },
        "orientation": "horizontal",
        "showValue": "always",
        "stacking": "none",
        "tooltip": {
          "mode": "single"
        },
        "xTickLabelRotation": 0
      },
      "pluginVersion": "8.3.1",
      "targets": [
        {
          "datasource": {
            "type": "postgres",
            "uid": "loQlbs27k"
          },
          "format": "table",
          "group": [],
          "metricColumn": "none",
          "rawQuery": true,
          "rawSql": "Select UPPER(asset_type),count(*) as count from inventory \nwhere ci_status IN ($status) and inventory_location in ($location) \nand business_unit in ($bu) and vendor_name in ($vendor_name)\ngroup by UPPER(asset_type) order by count desc;",
          "refId": "A",
          "select": [
            [
              {
                "params": [
                  "value"
                ],
                "type": "column"
              }
            ]
          ],
          "timeColumn": "time",
          "where": [
            {
              "name": "$__timeFilter",
              "params": [],
              "type": "macro"
            }
          ]
        }
      ],
      "title": "Asset Type",
      "type": "barchart"
    },
    {
      "fieldConfig": {
        "defaults": {
          "color": {
            "mode": "palette-classic"
          },
          "custom": {
            "axisLabel": "",
            "axisPlacement": "auto",
            "axisSoftMin": 0,
            "fillOpacity": 80,
            "gradientMode": "none",
            "hideFrom": {
              "legend": false,
              "tooltip": false,
              "viz": false
            },
            "lineWidth": 1
          },
          "mappings": [
            {
              "options": {
                "CEN": {
                  "index": 1,
                  "text": "CentOS"
                },
                "MAC": {
                  "index": 3,
                  "text": "MacOS"
                },
                "NUL": {
                  "index": 5,
                  "text": "Unknown"
                },
                "UBU": {
                  "index": 2,
                  "text": "Ubuntu"
                },
                "WIN": {
                  "index": 0,
                  "text": "Windows"
                }
              },
              "type": "value"
            },
            {
              "options": {
                "match": "null",
                "result": {
                  "index": 4,
                  "text": "Unknown"
                }
              },
              "type": "special"
            }
          ],
          "thresholds": {
            "mode": "absolute",
            "steps": [
              {
                "color": "green",
                "value": null
              },
              {
                "color": "red",
                "value": 80
              }
            ]
          }
        },
        "overrides": [
          {
            "matcher": {
              "id": "byName",
              "options": "count"
            },
            "properties": [
              {
                "id": "color",
                "value": {
                  "fixedColor": "#cd8a20",
                  "mode": "fixed"
                }
              }
            ]
          }
        ]
      },
      "gridPos": {
        "h": 10,
        "w": 12,
        "x": 12,
        "y": 11
      },
      "id": 15,
      "options": {
        "barWidth": 0.97,
        "groupWidth": 0.7,
        "legend": {
          "calcs": [],
          "displayMode": "hidden",
          "placement": "bottom"
        },
        "orientation": "auto",
        "showValue": "auto",
        "stacking": "none",
        "tooltip": {
          "mode": "single"
        },
        "xTickLabelRotation": 0
      },
      "targets": [
        {
          "datasource": {
            "type": "postgres",
            "uid": "loQlbs27k"
          },
          "format": "table",
          "group": [],
          "metricColumn": "none",
          "rawQuery": true,
          "rawSql": "with os_tbl as (\r\n\tselect substring(upper(operating_system) from 0 for 4) as os, id from inventory \r\n\twhere ci_status IN ($status) and inventory_location in ($location) \r\n\tand business_unit in ($bu) and vendor_name in ($vendor_name)\r\n)\r\nselect (case when (os is null or os = 'NA') then 'NUL' else os end) as os_mod, count(*) from os_tbl group by os_mod order by count(*) desc;\r\n",
          "refId": "A",
          "select": [
            [
              {
                "params": [
                  "value"
                ],
                "type": "column"
              }
            ]
          ],
          "timeColumn": "time",
          "where": [
            {
              "name": "$__timeFilter",
              "params": [],
              "type": "macro"
            }
          ]
        }
      ],
      "title": "OS Type",
      "transformations": [],
      "type": "barchart"
    },
    {
      "fieldConfig": {
        "defaults": {
          "color": {
            "mode": "continuous-BlPu"
          },
          "custom": {
            "axisLabel": "",
            "axisPlacement": "auto",
            "axisSoftMin": 0,
            "fillOpacity": 80,
            "gradientMode": "none",
            "hideFrom": {
              "legend": false,
              "tooltip": false,
              "viz": false
            },
            "lineWidth": 1
          },
          "mappings": [
            {
              "options": {
                "match": "null",
                "result": {
                  "color": "text",
                  "index": 0,
                  "text": "On Premise"
                }
              },
              "type": "special"
            }
          ],
          "thresholds": {
            "mode": "absolute",
            "steps": [
              {
                "color": "dark-purple",
                "value": null
              }
            ]
          },
          "unit": "none"
        },
        "overrides": [
          {
            "matcher": {
              "id": "byName",
              "options": "count"
            },
            "properties": [
              {
                "id": "color",
                "value": {
                  "fixedColor": "#a5300f",
                  "mode": "fixed"
                }
              }
            ]
          }
        ]
      },
      "gridPos": {
        "h": 13,
        "w": 12,
        "x": 0,
        "y": 21
      },
      "id": 2,
      "options": {
        "barWidth": 0.78,
        "groupWidth": 0.7,
        "legend": {
          "calcs": [],
          "displayMode": "hidden",
          "placement": "bottom"
        },
        "orientation": "vertical",
        "showValue": "always",
        "stacking": "none",
        "text": {},
        "tooltip": {
          "mode": "single"
        },
        "xTickLabelRotation": 0
      },
      "targets": [
        {
          "datasource": {
            "type": "postgres",
            "uid": "loQlbs27k"
          },
          "format": "table",
          "group": [],
          "metricColumn": "none",
          "rawQuery": true,
          "rawSql": "Select provider,count(*) from inventory\nwhere ci_status IN ($status) and inventory_location in ($location) \nand business_unit in ($bu) and vendor_name in ($vendor_name)\ngroup by provider\nORDER BY 1 desc",
          "refId": "A",
          "select": [
            [
              {
                "params": [
                  "value"
                ],
                "type": "column"
              }
            ]
          ],
          "table": "falcon_hosts_demo",
          "timeColumn": "last_seen",
          "timeColumnType": "timestamptz",
          "where": [
            {
              "name": "$__timeFilter",
              "params": [],
              "type": "macro"
            }
          ]
        }
      ],
      "title": "Cloud Service Provider Adoption",
      "type": "barchart"
    },
    {
      "fieldConfig": {
        "defaults": {
          "color": {
            "mode": "palette-classic"
          },
          "custom": {
            "hideFrom": {
              "legend": false,
              "tooltip": false,
              "viz": false
            }
          },
          "mappings": [
            {
              "options": {
                "Kharadi Pune": {
                  "index": 1,
                  "text": "Kharadi"
                },
                "SKYVIEW SEZ Hyderabad": {
                  "index": 2,
                  "text": "Skyview Hyd"
                },
                "Shivajinagar Pune": {
                  "index": 0,
                  "text": "Shivajinagar"
                }
              },
              "type": "value"
            },
            {
              "options": {
                "match": "null",
                "result": {
                  "index": 3,
                  "text": "Unknown"
                }
              },
              "type": "special"
            }
          ]
        },
        "overrides": [
          {
            "matcher": {
              "id": "byName",
              "options": "Lost"
            },
            "properties": [
              {
                "id": "color",
                "value": {
                  "fixedColor": "#a5300f",
                  "mode": "fixed"
                }
              }
            ]
          },
          {
            "matcher": {
              "id": "byName",
              "options": "Retired"
            },
            "properties": [
              {
                "id": "color",
                "value": {
                  "fixedColor": "#e2ce36",
                  "mode": "fixed"
                }
              }
            ]
          },
          {
            "matcher": {
              "id": "byName",
              "options": "New Stock"
            },
            "properties": [
              {
                "id": "color",
                "value": {
                  "fixedColor": "#a5300f",
                  "mode": "fixed"
                }
              }
            ]
          },
          {
            "matcher": {
              "id": "byName",
              "options": "Live"
            },
            "properties": [
              {
                "id": "color",
                "value": {
                  "fixedColor": "#8094f4",
                  "mode": "fixed"
                }
              }
            ]
          }
        ]
      },
      "gridPos": {
        "h": 13,
        "w": 12,
        "x": 12,
        "y": 21
      },
      "id": 7,
      "options": {
        "displayLabels": [
          "percent",
          "name"
        ],
        "legend": {
          "displayMode": "list",
          "placement": "right",
          "values": [
            "value"
          ]
        },
        "pieType": "pie",
        "reduceOptions": {
          "calcs": [
            "lastNotNull"
          ],
          "fields": "",
          "values": true
        },
        "tooltip": {
          "mode": "single"
        }
      },
      "targets": [
        {
          "datasource": {
            "type": "postgres",
            "uid": "loQlbs27k"
          },
          "format": "table",
          "group": [],
          "metricColumn": "none",
          "rawQuery": true,
          "rawSql": "select ci_status, count(*) from inventory \nwhere inventory_location in ($location) \nand business_unit in ($bu)\nand vendor_name in ($vendor_name)\ngroup by ci_status",
          "refId": "A",
          "select": [
            [
              {
                "params": [
                  "value"
                ],
                "type": "column"
              }
            ]
          ],
          "timeColumn": "time",
          "where": [
            {
              "name": "$__timeFilter",
              "params": [],
              "type": "macro"
            }
          ]
        }
      ],
      "title": "Status",
      "type": "piechart"
    },
    {
      "description": "",
      "fieldConfig": {
        "defaults": {
          "color": {
            "mode": "thresholds"
          },
          "mappings": [],
          "thresholds": {
            "mode": "absolute",
            "steps": [
              {
                "color": "green",
                "value": null
              }
            ]
          }
        },
        "overrides": []
      },
      "gridPos": {
        "h": 6,
        "w": 12,
        "x": 0,
        "y": 34
      },
      "id": 11,
      "options": {
        "colorMode": "value",
        "graphMode": "area",
        "justifyMode": "auto",
        "orientation": "auto",
        "reduceOptions": {
          "calcs": [
            "lastNotNull"
          ],
          "fields": "",
          "values": false
        },
        "textMode": "auto"
      },
      "pluginVersion": "8.3.1",
      "targets": [
        {
          "datasource": {
            "type": "postgres",
            "uid": "loQlbs27k"
          },
          "format": "table",
          "group": [],
          "metricColumn": "none",
          "rawQuery": true,
          "rawSql": "Select count(distinct user_name) from active_users where user_name!=''",
          "refId": "A",
          "select": [
            [
              {
                "params": [
                  "value"
                ],
                "type": "column"
              }
            ]
          ],
          "timeColumn": "time",
          "where": [
            {
              "name": "$__timeFilter",
              "params": [],
              "type": "macro"
            }
          ]
        }
      ],
      "title": "Active Users",
      "type": "stat"
    },
    {
      "fieldConfig": {
        "defaults": {
          "color": {
            "mode": "thresholds"
          },
          "mappings": [],
          "thresholds": {
            "mode": "absolute",
            "steps": [
              {
                "color": "green",
                "value": null
              },
              {
                "color": "red",
                "value": 80
              }
            ]
          }
        },
        "overrides": []
      },
      "gridPos": {
        "h": 6,
        "w": 12,
        "x": 12,
        "y": 34
      },
      "id": 13,
      "options": {
        "colorMode": "value",
        "graphMode": "area",
        "justifyMode": "auto",
        "orientation": "auto",
        "reduceOptions": {
          "calcs": [
            "lastNotNull"
          ],
          "fields": "",
          "values": false
        },
        "textMode": "auto"
      },
      "pluginVersion": "8.3.1",
      "targets": [
        {
          "datasource": {
            "type": "postgres",
            "uid": "loQlbs27k"
          },
          "format": "table",
          "group": [],
          "metricColumn": "none",
          "rawQuery": true,
          "rawSql": "Select count(distinct inventory_location) from inventory where inventory_location!=''",
          "refId": "A",
          "select": [
            [
              {
                "params": [
                  "value"
                ],
                "type": "column"
              }
            ]
          ],
          "timeColumn": "time",
          "where": [
            {
              "name": "$__timeFilter",
              "params": [],
              "type": "macro"
            }
          ]
        }
      ],
      "title": "Active Locations",
      "type": "stat"
    }
  ],
  "schemaVersion": 33,
  "style": "dark",
  "tags": [],
  "templating": {
    "list": [
      {
        "current": {
          "selected": true,
          "text": [
            "All"
          ],
          "value": [
            "$__all"
          ]
        },
        "definition": "Select distinct ci_status from inventory",
        "hide": 0,
        "includeAll": true,
        "label": "Status",
        "multi": true,
        "name": "status",
        "options": [],
        "query": "Select distinct ci_status from inventory",
        "refresh": 1,
        "regex": "",
        "skipUrlSync": false,
        "sort": 1,
        "type": "query"
      },
      {
        "current": {
          "selected": true,
          "text": [
            "All"
          ],
          "value": [
            "$__all"
          ]
        },
        "definition": "Select inventory_location from inventory",
        "hide": 0,
        "includeAll": true,
        "label": "Location",
        "multi": true,
        "name": "location",
        "options": [],
        "query": "Select inventory_location from inventory",
        "refresh": 1,
        "regex": "",
        "skipUrlSync": false,
        "sort": 1,
        "type": "query"
      },
      {
        "current": {
          "selected": true,
          "text": [
            "All"
          ],
          "value": [
            "$__all"
          ]
        },
        "definition": "Select business_unit from inventory",
        "hide": 0,
        "includeAll": true,
        "label": "Business Unit",
        "multi": true,
        "name": "bu",
        "options": [],
        "query": "Select business_unit from inventory",
        "refresh": 1,
        "regex": "",
        "skipUrlSync": false,
        "sort": 1,
        "type": "query"
      },
      {
        "current": {
          "selected": true,
          "text": [
            "All"
          ],
          "value": [
            "$__all"
          ]
        },
        "definition": "Select vendor_name from inventory",
        "hide": 0,
        "includeAll": true,
        "label": "Company",
        "multi": true,
        "name": "vendor_name",
        "options": [],
        "query": "Select vendor_name from inventory",
        "refresh": 1,
        "regex": "",
        "skipUrlSync": false,
        "sort": 1,
        "type": "query"
      }
    ]
  },
  "time": {
    "from": "now-2y",
    "to": "now"
  },
  "timepicker": {},
  "timezone": "",
  "title": "Endpoint Security",
  "uid": "uOfx8Lonz",
  "version": 28,
  "weekStart": ""
}